100,Fort,Colombo,6.9392,79.8436
200,Slave Island,Colombo,6.9167,79.85
200,Slave lsland,Colombo,7.3267,80.5226
300,Colpetty,Colombo,6.8833,79.85
400,Bambalapitiya,Colombo,6.8914,79.8522
500,Havelock Town,Colombo,6.8841,79.8608
600,Kirulapone,Colombo,6.8753,79.8611
600,Wellawatta,Colombo,6.8753,79.8611
800,Borella,Colombo,6.9177,79.8742
1300,Kotahena,Colombo,6.9459,79.8617
1500,Mutwal,Colombo,6.95,79.8667
10100,Sri Jayawardenepu,Colombo,6.8868,79.9551
10115,Malabe,Colombo,6.9083,79.9649
10116,Talawatugoda,Colombo,6.8738,79.9378
10118,Hokandara,Colombo,6.891,79.9513
10120,Battaramulla,Colombo,6.8964,79.9181
10150,Athurugiriya,Colombo,6.8687,79.9998
10200,Homagama,Colombo,6.844,80.0024
10202,Mullegama,Colombo,6.8796,80.0131
10204,Habarakada,Colombo,6.8708,80.0092
10206,Pitipana Homagama,Colombo,6.848,80.0098
10208,Kiriwattuduwa,Colombo,6.7977,80.0146
10230,Pannipitiya,Colombo,6.8462,79.9448
10232,Hiripitya,Colombo,6.8462,79.9448
10250,Nugegoda,Colombo,6.8735,79.8899
10280,Maharagama,Colombo,6.848,79.9265
10290,Boralesgamuwa,Colombo,6.8382,79.9104
10300,Piliyandala,Colombo,6.7999,79.9249
10302,Deltara,Colombo,6.7841,79.9117
10304,Siddamulla,Colombo,6.8232,79.9586
10306,Madapatha,Colombo,6.768,79.929
10320,Polgasowita,Colombo,6.7865,79.9657
10350,Dehiwala,Colombo,6.8523,79.8656
10370,Mount Lavinia,Colombo,6.8339,79.8644
10400,Moratuwa,Colombo,6.773,79.8816
10500,Padukka,Colombo,6.8408,80.0897
10502,Horagala,Colombo,6.8107,80.0466
10504,Meegoda,Colombo,6.8479,80.0484
10508,Kahawala,Colombo,6.7772,80.1057
10511,Watareka,Colombo,6.8509,80.064
10513,Batawala,Colombo,6.878,80.0472
10522,Bope,Colombo,6.832,80.1314
10524,Handapangoda,Colombo,6.7939,80.1441
10526,Batugampola,Colombo,6.7758,80.1344
10600,Kolonnawa,Colombo,6.9329,79.8848
10620,Mulleriyawa New Town,Colombo,6.9287,80.0478
10640,Kaduwela,Colombo,6.9339,79.982
10650,Hanwella,Colombo,6.9086,80.0796
10654,Ranala,Colombo,6.9144,80.032
10656,Dedigamuwa,Colombo,6.8905,80.027
10660,Pugoda,Gampaha,6.9911,80.1197
10662,Kapugoda,Gampaha,6.9504,80.0916
10664,Tittapattara,Gampaha,6.9345,80.0902
10680,Waga,Colombo,6.9019,80.1236
10682,Tummodara,Colombo,6.9019,80.1236
10700,Avissawella,Colombo,6.953,80.2075
10704,Napawela,Colombo,6.953,80.2075
10712,Puwakpitiya,Colombo,7.0331,80.0722
10714,Hewainna,Colombo,7.0999,80.0944
10718,Kalatuwawa,Colombo,7.1667,80.1167
10730,Kosgama,Colombo,6.9404,80.1276
10732,Akarawita,Colombo,6.9459,80.1114
11000,Gampaha,Gampaha,7.0897,79.9925
11010,Ragama,Gampaha,7.0292,79.917
11011,Batuwatta,Gampaha,7.0527,79.9266
11012,Walpola (WP),Gampaha,7.041,79.9218
11020,Ganemulla,Gampaha,7.0652,79.963
11024,Bollete (WP),Gampaha,7.0652,79.963
11030,Udugampola,Gampaha,7.1167,79.9833
11033,Madelgamuwa,Gampaha,7.1116,79.953
11034,Uggalboda,Gampaha,7.1273,79.9563
11040,Bemmulla,Gampaha,7.1229,80.0239
11043,Pethiyagoda,Gampaha,7.1229,80.0239
11052,Ambagaspitiya,Gampaha,7.0821,80.0616
11054,Udathuthiripitiya,Gampaha,7.0716,80.0333
11056,Mudungoda,Gampaha,7.061,80.0049
11061,Mandawala,Gampaha,7.0188,80.083
11062,Lunugama,Gampaha,6.9714,80.0933
11063,Naranwala,Gampaha,7.0006,80.0245
11066,Nedungamuwa,Gampaha,7.0393,80.0197
11068,Wanaluwewa,Gampaha,7.0075,80.0551
11100,Veyangoda,Gampaha,7.1535,80.0597
11102,Dewalapola,Gampaha,7.1659,79.9905
11104,Wattala,Gampaha,6.9779,79.8898
11104,Watinapaha,Gampaha,7.1891,80.0004
11105,Kumbaloluwa,Gampaha,7.1763,80.0827
11108,Essella,Gampaha,7.1773,80.0123
11112,Muddaragama,Gampaha,7.2077,80.0545
11114,Mabodale,Gampaha,7.1981,80.0166
11116,Ellakkala,Gampaha,7.144,80.1241
11120,Attanagalla,Gampaha,7.1152,80.1341
11122,Alawala,Gampaha,7.1202,80.1815
11126,Urapola,Gampaha,7.0987,80.143
11128,Nikahetikanda,Gampaha,7.0951,80.1689
11129,Rukmale,Gampaha,7.4074,80.0869
11134,Bopagama,Gampaha,7.0742,80.1501
11142,Ruggahawila,Gampaha,7.0725,80.115
11144,Kahatowita,Gampaha,7.0725,80.115
11146,Walgammulla,Gampaha,7.0725,80.115
11150,Pallewela,Gampaha,7.2,80.0833
11160,Kaleliya,Gampaha,7.195,80.1136
11200,Mirigama,Gampaha,7.2439,80.1212
11204,Loluwagoda,Gampaha,7.2959,80.1346
11206,Kitalawalana,Gampaha,7.2965,80.1001
11208,Divuldeniya,Gampaha,7.3028,80.0957
11212,Ambepussa,Gampaha,7.2507,80.1723
11214,Pamunuwatta,Gampaha,7.2127,80.1375
11216,Bokalagama,Gampaha,7.2317,80.1549
11222,Nawana,Gampaha,7.2638,80.1012
11224,Kaluaggala,Gampaha,6.9173,80.1109
11226,Walpita,Gampaha,7.2601,80.0493
11228,Delwagura,Gampaha,7.2661,79.9936
11232,Kotadeniyawa,Gampaha,7.2844,80.0625
11234,Mellawagedara,Gampaha,7.2844,80.0625
11242,Kitulwala,Gampaha,7.5034,80.5318
11244,Banduragoda,Gampaha,7.2266,80.0544
11250,Divulapitiya,Gampaha,7.224,80.0094
11260,Marandagahamula,Gampaha,7.2405,79.9723
11262,Hunumulla,Gampaha,7.2453,79.9974
11264,Dunagaha,Gampaha,7.2256,79.9685
11265,Ihala Madampella,Gampaha,7.2507,79.9509
11270,Demanhandiya,Gampaha,7.2282,79.8964
11320,Kandana,Gampaha,7.048,79.8937
11324,Polpithimukulana,Gampaha,7.045,79.8781
11328,Uswetakeiyawa,Gampaha,7.0421,79.8624
11350,Ja-Ela,Gampaha,7.0744,79.8919
11354,Niwandama,Gampaha,7.0815,79.9308
11358,Makewita,Gampaha,7.1023,79.9313
11370,Pamunugama,Gampaha,7.1006,79.8481
11380,Ekala,Gampaha,7.099,79.913
11390,Kotugoda,Gampaha,7.1231,79.9263
11400,Raddolugama,Gampaha,7.1371,79.9034
11410,Seeduwa,Gampaha,7.1305,79.8871
11420,Katunayake(FTZ),Gampaha,7.144,79.8887
11440,Katunayake Air Force Camp,Gampaha,7.144,79.8887
11450,Katunayake,Gampaha,7.1643,79.8757
11500,Negombo,Gampaha,7.2083,79.8358
11504,Talahena,Gampaha,7.1624,79.8246
11522,Kimbulapitiya,Gampaha,7.2036,79.895
11524,Dagonna,Gampaha,7.2219,79.9279
11526,Katuwellegama,Gampaha,7.2234,79.9383
11532,Thimbirigaskatuwa,Gampaha,7.2715,79.9484
11534,Katana,Gampaha,7.2503,79.8957
11536,Akaragama,Gampaha,7.2666,79.9652
11538,Badalgama,Gampaha,7.2976,79.9844
11540,Kochchikade,Gampaha,7.2657,79.8603
11550,Minuwangoda,Gampaha,7.1663,79.9533
11558,Andiambalama,Gampaha,7.1818,79.9001
11562,Wegowwa,Gampaha,7.1715,79.9665
11564,Horampella,Gampaha,7.1715,79.9665
11566,Yatiyana(WP),Gampaha,7.1715,79.9665
11568,Hinatiyana Madawala,Gampaha,7.1715,79.9665
11600,Kelaniya,Gampaha,6.9553,79.922
11607,Siyambalape,Gampaha,6.9707,79.9875
11618,Heiyanthuduwa,Gampaha,6.9618,80.0025
11630,GonawalaWP,Gampaha,6.9618,80.0025
11640,Makola,Gampaha,6.9769,79.958
11650,Biyagama,Gampaha,6.9423,79.9842
11670,Malwana,Gampaha,6.9414,80.021
11672,Biyagama IPZ,Gampaha,6.9414,80.021
11680,Dompe,Gampaha,6.9503,80.051
11690,Dekatana,Gampaha,6.9694,80.0481
11692,Demalagama,Gampaha,6.9879,80.0483
11700,Delgoda,Gampaha,6.9909,80.008
11710,Weliveriya,Gampaha,7.0177,80.0488
11715,Henegama,Gampaha,7.0177,80.0488
11720,Buthpitiya,Gampaha,7.0491,80.0514
11724,Wathurugama,Gampaha,7.0406,80.0713
11725,Radawana,Gampaha,7.0321,80.0912
11730,Kirindiwela,Gampaha,7.0417,80.1282
11734,Hiswella,Gampaha,7.0417,80.1282
11741,Pepiliyawala,Gampaha,6.9982,80.1286
11742,Mithirigala,Gampaha,6.9982,80.1286
11830,Peliyagoda,Gampaha,6.9685,79.8836
11850,Kadawatha,Gampaha,7.0276,79.993
11856,Imbulgoda,Gampaha,7.0376,79.9913
11858,Weboda,Gampaha,7.0176,79.9946
11870,Yakkala,Gampaha,7.0869,80.0271
11875,Kalagedihena,Gampaha,7.1185,80.0563
11880,Nittambuwa,Gampaha,7.1426,80.0938
11889,Debahera,Gampaha,7.1426,80.0938
11890,Pasyala,Gampaha,7.1666,80.1219
11892,Radawadunna,Gampaha,7.1785,80.1409
11894,Weweldeniya,Gampaha,7.184,80.1466
11896,Danowita,Gampaha,7.207,80.1769
12000,Kalutara,Kalutara,6.5831,79.9593
12005,Galpatha,Kalutara,6.6053,79.9971
12006,Yatawara Junction,Kalutara,6.6053,79.9971
12007,Koholana,Kalutara,6.6189,80.0219
12008,Bolossagama,Kalutara,6.6053,79.9971
12009,Remunagoda,Kalutara,6.6138,80.01
12016,Gamagoda,Kalutara,6.5909,80.0083
12020,Dodangoda,Kalutara,6.5531,80.0223
12024,Bombuwala,Kalutara,6.5721,80.0096
12025,Tebuwana,Kalutara,6.5829,80.0466
12030,Neboda,Kalutara,6.5891,80.084
12050,Paiyagala,Kalutara,6.5075,80.0276
12055,Halkandawila,Kalutara,6.5075,80.0276
12060,Maggona,Kalutara,6.5041,79.9811
12070,Beruwala,Kalutara,6.4788,79.9828
12074,Padagoda,Kalutara,6.4526,80.0096
12078,Kalawila Kiranthidiya,Kalutara,6.4657,79.9962
12080,Alutgama,Kalutara,6.4394,79.9895
12090,Dharga Town,Kalutara,6.424,80.0631
12094,Meegama,Kalutara,6.424,80.0631
12100,Matugama,Kalutara,6.5204,80.1128
12104,Yatadolawatta,Kalutara,6.5273,80.0631
12106,Nawattuduwa,Kalutara,6.5042,80.0934
12108,Welipenna,Kalutara,6.465,80.1043
12112,Walagedara,Kalutara,6.4485,80.078
12114,Pannila,Kalutara,6.4399,80.1029
12116,Ittapana,Kalutara,6.4217,80.0884
12118,Halwala,Kalutara,6.4137,80.1097
12122,Paraigama,Kalutara,6.4052,80.1253
12124,Yagirala,Kalutara,6.3846,80.1605
12126,Mahakalupahana,Kalutara,6.3949,80.1429
12127,Utumgama,Kalutara,6.3949,80.1429
12130,Meegahatenna,Kalutara,6.4394,80.1971
12134,Walallawita,Kalutara,6.3615,80.1931
12136,Polgampola,Kalutara,6.4681,80.1924
12138,Pelawatta,Kalutara,6.4089,80.2166
12142,Boralugoda,Kalutara,6.4336,80.2842
12144,Pahalahewessa,Kalutara,6.4336,80.2842
12148,Danawala Thiniyawala,Kalutara,6.4336,80.2842
12200,Agalawatta,Kalutara,6.5422,80.1583
12204,Veyangalla,Kalutara,6.5422,80.1583
12210,Mahagama,Kalutara,6.6167,80.1667
12214,Pelanda,Kalutara,6.6011,80.2322
12216,Molkawa,Kalutara,6.609,80.233
12218,Kelinkanda,Kalutara,6.5777,80.2969
12222,Kitulgoda,Kalutara,6.4996,80.1807
12224,Bellana,Kalutara,6.5237,80.1765
12230,Baduraliya,Kalutara,6.5084,80.2329
12232,Morapitiya,Kalutara,6.5352,80.263
12234,Hedigalla Colony,Kalutara,6.5218,80.248
12236,Gurulubadda,Kalutara,6.5218,80.248
12300,Bulathsinhala,Kalutara,6.6744,80.1934
12302,Paragoda,Kalutara,6.6109,80.2243
12304,Delmella,Kalutara,6.6881,80.2057
12306,Halwatura,Kalutara,6.6992,80.1914
12308,Diwalakada,Kalutara,6.6994,80.1521
12310,Govinna,Kalutara,6.6743,80.1159
12320,Anguruwatota,Kalutara,6.6383,80.0861
12322,Uduwara,Kalutara,6.6167,80.0667
12400,Horana,Kalutara,6.7159,80.0626
12404,Pokunuwita,Kalutara,6.7266,80.0369
12410,Gonapola Junction,Kalutara,6.6927,80.0326
12412,Millaniya,Kalutara,6.6927,80.0326
12414,Paragastota,Kalutara,6.6685,79.9919
12416,Dombagoda,Kalutara,6.6476,80.0471
12418,Kananwila,Kalutara,6.762,80.0589
12422,Millewa,Kalutara,6.7834,80.0625
12424,Miwanapalana,Kalutara,6.7448,80.0922
12426,Kuda Uduwa,Kalutara,6.7662,80.0784
12428,Kandanagama,Kalutara,6.7648,80.0777
12432,Poruwedanda,Kalutara,6.7373,80.1178
12440,lngiriya,Kalutara,6.728,80.0609
12500,Panadura,Kalutara,6.7132,79.9026
12524,Alubomulla,Kalutara,6.7085,79.9489
12530,Bandaragama,Kalutara,6.7144,79.988
12534,Welmilla Junction,Kalutara,6.7072,80.0107
12538,Haltota,Kalutara,6.7,80.0333
12550,Kehelwatta,Kalutara,6.7517,79.9075
12560,Wadduwa,Kalutara,6.6686,79.9253
12564,Morontuduwa,Kalutara,6.6594,79.9726
12580,Waskaduwa,Kalutara,6.6355,79.9472
20000,Kandy,Kandy,7.2955,80.6356
20032,Halloluwa,Kandy,7.2031,80.3386
20034,Yatihalagala,Kandy,7.2932,80.5982
20042,lhala Kobbekaduwa,Kandy,7.3154,80.5887
20044,Sangarajapura,Kandy,7.3154,80.5887
20048,Kulugammana,Kandy,7.3154,80.5887
20052,Uduwa,Kandy,7.3637,80.4845
20060,Hataraliyadda,Kandy,7.3369,80.4658
20062,Aludeniya,Kandy,7.3686,80.4672
20068,Dedunupitiya,Kandy,7.3353,80.4313
20072,Nugawela,Kandy,7.3333,80.6
20080,Werellagama,Kandy,7.3167,80.5833
20084,Pallekotuwa,Kandy,7.3373,80.5663
20086,Kumburegama,Kandy,7.358,80.5493
20092,Harankahawa,Kandy,7.4012,80.5289
20094,Udahingulwala,Kandy,7.4012,80.5289
20095,Gallellagama,Kandy,7.4012,80.5289
20100,Galagedara,Kandy,7.373,80.5206
20106,Poholiyadda,Kandy,7.3472,80.5208
20108,Wettawa,Kandy,7.3526,80.5147
20109,Minigamuwa,Kandy,7.3376,80.5026
20112,Pujapitiya,Kandy,7.3742,80.586
20118,Pattiya Watta,Kandy,7.3742,80.586
20120,Medawala Harispattuwa,Kandy,7.3449,80.6814
20126,Dolapihilla,Kandy,7.3899,80.5794
20128,Rambukwella,Kandy,7.3,80.7833
20132,Batugoda,Kandy,7.362,80.5891
20134,Watagoda Harispattuwa,Kandy,7.356,80.6051
20136,Ambatenna,Kandy,7.3501,80.6211
20140,Alawatugoda,Kandy,7.4042,80.6087
20142,Wilanagama,Kandy,7.4042,80.6087
20150,Ankumbura,Kandy,7.4333,80.5667
20152,Galhinna,Kandy,7.4162,80.5639
20154,Batagolladeniya,Kandy,7.4173,80.5617
20160,Ampitiya,Kandy,7.2715,80.656
20164,Uduwela,Kandy,7.2754,80.6697
20166,Tennekumbura,Kandy,7.2809,80.6531
20168,Kundasale,Kandy,7.2737,80.7001
20170,Menikhinna,Kandy,7.3184,80.6995
20172,Lunuketiya Maditta,Kandy,7.3332,80.7127
20176,Naranpanawa,Kandy,7.3481,80.7259
20180,Rajawella,Kandy,7.2959,80.7361
20184,Gomagoda,Kandy,7.3245,80.7313
20186,Kengalla,Kandy,7.2945,80.711
20189,Gurudeniya,Kandy,7.2642,80.6859
20194,Nattarampotha,Kandy,7.3022,80.6762
20196,Pilawala,Kandy,7.3022,80.6762
20198,Ketawala Leula,Kandy,7.3022,80.6762
20200,Talatuoya,Kandy,7.2507,80.6899
20202,Etulgama,Kandy,7.2425,80.6687
20204,Nugaliyadda,Kandy,7.2291,80.6889
20206,Kapuliyadde,Kandy,7.2408,80.6825
20210,Marassana,Kandy,7.2251,80.7352
20212,Kolabissa,Kandy,7.2278,80.7174
20214,Godamunna,Kandy,7.2305,80.6995
20216,Mahamedagama,Kandy,7.2278,80.7174
20218,Bawlana,Kandy,7.2278,80.7174
20232,Murutalawa,Kandy,7.2928,80.572
20234,Yahalatenna,Kandy,7.2928,80.572
20250,Polgolla,Kandy,7.3308,80.6461
20260,Madawala Bazaar,Kandy,7.2574,80.6715
20270,Gunnepana,Kandy,7.2574,80.6715
20300,Kadugannawa,Kandy,7.2547,80.5242
20306,Ketakumbura,Kandy,7.2103,80.5795
20308,Balana,Kandy,7.2706,80.4832
20400,Peradeniya,Kandy,7.2622,80.5841
20404,Uda Peradeniya,Kandy,7.2622,80.5841
20409,Megoda Kalugamuwa,Kandy,7.2622,80.5841
20414,Hindagala,Kandy,7.2333,80.6
20418,Nillambe,Kandy,7.1513,80.6419
20420,Galaha,Kandy,7.1979,80.6645
20430,Deltota,Kandy,7.1944,80.6917
20438,Handawalapitiya,Kandy,7.1944,80.6917
20440,Hewaheta,Kandy,7.107,80.7648
20442,Kiribathkumbura,Kandy,7.107,80.7648
20450,Pilimatalawa,Kandy,7.2689,80.5441
20454,Wattappola,Kandy,7.2373,80.5431
20465,Danture,Kandy,7.2825,80.5352
20470,Menikdiwela,Kandy,7.2892,80.5041
20480,Handessa,Kandy,7.2333,80.5833
20482,Leemagahakotuwa,Kandy,7.2333,80.5833
20500,Gampola,Kandy,7.1643,80.5696
20506,Udahentenna,Kandy,7.0969,80.5128
20510,Dolosbage,Kandy,7.0808,80.4693
20511,Pattitalawa,Kandy,7.1145,80.4699
20512,Meetalawa,Kandy,7.0976,80.4696
20524,Hondiyadeniya,Kandy,7.1049,80.5917
20526,Muruthagahamulla,Kandy,7.1049,80.5917
20532,Doluwa,Kandy,7.1794,80.598
20544,Panwilatenna,Kandy,7.1574,80.6373
20546,Pupuressa,Kandy,7.1262,80.6692
20560,"Kotmale			Nuwara",Eliya,7.0142,80.5897
20562,Ulapane,Kandy,7.1031,80.5572
20564,Mawatura,Kandy,7.1,80.5667
20566,"Maswela			Nuwara",Eliya,7.0667,80.6333
20567,"Doragala			Nuwara",Eliya,7.071,80.5867
20568,"Nayapana Janapadaya			Nuwara",Eliya,7.071,80.5867
20574,Atabage,Kandy,7.1354,80.6091
20578,Paradeka,Kandy,7.1123,80.607
20580,Pussellawa,Kandy,7.1073,80.6322
20588,"Katukitula			Nuwara",Eliya,7.0741,80.6584
20590,"Ramboda			Nuwara",Eliya,7.0457,80.6876
20592,"Labukele			Nuwara",Eliya,7.0457,80.6876
20610,Weligalla,Kandy,7.1907,80.5865
20620,Gelioya,Kandy,7.2157,80.5967
20640,Velamboda,Kandy,7.0447,80.5235
20644,Bambaragahaela,Kandy,7.0447,80.5235
20650,Nawalapitiya,Kandy,7.0534,80.5321
20654,Pasbage,Kandy,7.035,80.5244
20656,Gonawalapatana,Kandy,7.035,80.5244
20658,Dekinda,Kandy,7.0167,80.5167
20660,"Ketaboola			Nuwara",Eliya,7.0243,80.5504
20662,Mapakanda,Kandy,7.0243,80.5504
20664,Galaboda,Kandy,6.9864,80.5295
20666,Weligampola,Kandy,7.0243,80.5504
20668,"Hapugastalawa			Nuwara",Eliya,7.0621,80.5713
20669,"Harangalagama			Nuwara",Eliya,7.0243,80.5504
20670,"Nawathispane			Nuwara",Eliya,7.0359,80.5174
20676,Rambukpitiya,Kandy,7.0359,80.5174
20678,"Ambagamuwa Udabulathgama			Nuwara",Eliya,7.0359,80.5174
20680,"Ginigathena			Nuwara",Eliya,6.9903,80.4877
20682,"Pitawala			Nuwara",Eliya,6.9984,80.4513
20684,"Dagampitiya			Nuwara",Eliya,6.9759,80.4738
20686,"Ambatalawa			Nuwara",Eliya,6.9658,80.4958
20688,"Kelanigama			Nuwara",Eliya,6.9826,80.4772
20702,Mailapitiya,Kandy,7.1998,80.7552
20708,Unuwinna,Kandy,7.1998,80.7552
20710,Hanguranketha,Kandy,7.1252,80.7879
20712,Gonagantenna,Kandy,7.1252,80.7879
20714,Marymount Colony,Kandy,7.1252,80.7879
20722,Udawatta,Kandy,7.1727,80.8149
20724,lllagolla,Kandy,7.1727,80.8149
20730,Rikillagaskada,Kandy,7.144,80.7834
20732,Ekiriya,Kandy,7.1474,80.7562
20734,Pallebowala,Kandy,7.1402,80.7792
20738,Karandagolla,Kandy,7.1293,80.798
20742,Elamulla,Kandy,7.0542,80.7792
20744,Mandaram Nuwara,Kandy,7.0642,80.7844
20748,Maturata,Kandy,7.0742,80.7897
20750,"Padiyapelella			Nuwara",Eliya,7.0877,80.8044
20752,"Munwatta			Nuwara",Eliya,7.1174,80.8099
20800,Katugastota,Kandy,7.3276,80.6212
20802,Udatalawinna,Kandy,7.343,80.6463
20810,Wattegama,Kandy,7.3493,80.6808
20816,Doragamuwa,Kandy,7.3638,80.6557
20818,Rathukohodigala,Kandy,7.3566,80.6683
20822,Jambugahapitiya,Kandy,7.3792,80.6429
20824,Dunuwila,Kandy,7.3792,80.6429
20828,Makkanigama,Kandy,7.3792,80.6429
20830,Panvila,Kandy,7.0665,80.6919
20838,Tawalantenna,Kandy,7.0665,80.6919
20840,Madulkele,Kandy,7.3979,80.731
20850,Akurana,Kandy,7.3667,80.6167
20900,Teldeniya,Kandy,7.2969,80.7686
20902,Kumbukkandura,Kandy,7.3147,80.7616
20904,Senarathwela,Kandy,7.3147,80.7616
20906,Putuhapuwa,Kandy,7.3325,80.7545
20908,Werapitya,Kandy,7.3147,80.7616
20914,Wendaruwa,Kandy,7.3076,80.887
20916,Udispattuwa,Kandy,7.3076,80.887
20921,Makuldeniya,Kandy,7.3333,80.7833
20922,Rangala,Kandy,7.3539,80.7853
20923,Mimure,Kandy,7.4333,80.8333
20924,Kahataliyadda,Kandy,7.376,80.8213
20926,Kalugala,Kandy,7.3833,80.8833
20928,Kobonila,Kandy,7.376,80.8213
20932,Bopana,Kandy,7.3,80.9
20934,Uduwahinna,Kandy,7.2833,80.8917
20938,Madugalla,Kandy,7.2667,80.8833
20940,Medamahanuwara,Kandy,7.3,80.85
20945,Mahadoraliyadda,Kandy,7.3,80.85
20948,Hunnasgiriya,Kandy,7.3,80.85
20950,Ududumbara,Kandy,7.3076,80.887
20960,Hasalaka,Kandy,7.2879,80.9616
20965,Ulpothagama,Kandy,7.1592,80.9898
20966,Batumulla,Kandy,7.4167,80.9333
20967,Barawardhana Oya,Kandy,7.2879,80.9616
20971,Kolongoda,Kandy,7.3076,80.887
20982,Weragantota,Kandy,7.3167,80.9833
20983,Minipe,Kandy,7.2182,80.9775
20984,Handaganawa,Kandy,7.2833,80.9833
20986,Ambagahapelessa,Kandy,7.2197,80.9958
20990,Rantembe,Kandy,7.3076,80.887
21000,Matale,Matale,7.4698,80.6217
21004,Alwatta,Matale,7.4432,80.662
21006,Udatenna,Matale,7.4167,80.65
21008,Leliambe,Matale,7.4324,80.6501
21009,Wehigala,Matale,7.4,80.6667
21012,Elkaduwa,Matale,7.4145,80.6825
21014,Karagahinna,Matale,7.3601,80.382
21016,Katudeniya,Matale,7.3058,80.0814
21020,Ovilikanda,Matale,7.45,80.5667
21032,Dankanda,Matale,7.5293,80.6989
21042,Kiwula,Matale,7.5193,80.5657
21044,Muwandeniya,Matale,7.5167,80.5333
21046,Dunkolawatta,Matale,7.5193,80.5657
21048,Walawela,Matale,7.5219,80.5981
21051,Udasgiriya,Matale,7.5324,80.5774
21054,Dullewa,Matale,7.508,80.6003
21055,Melipitiya,Matale,7.5492,80.5874
21056,Yatawatta,Matale,7.5649,80.5821
21058,Selagama,Matale,7.5916,80.5899
21062,Metihakka,Matale,7.5368,80.6582
21064,Imbulgolla,Matale,7.5716,80.6707
21066,Kaikawala,Matale,7.5072,80.6569
21068,Gammaduwa,Matale,7.5686,80.6961
21070,Palapathwela,Matale,7.6083,80.6595
21072,Kavudupelella,Matale,7.5813,80.6267
21074,Madawala Ulpotha,Matale,7.6083,80.6595
21076,Opalgala,Matale,7.6353,80.6923
21082,Nalanda,Matale,7.6606,80.6424
21090,Naula,Matale,7.7047,80.6542
21094,Lenadora,Matale,7.7519,80.6608
21100,Dambulla,Matale,7.86,80.6517
21106,Kandalama,Matale,7.8667,80.7167
21108,Erawula Junction,Matale,7.8633,80.6842
21112,Kalundawa,Matale,7.8,80.7167
21114,Wewalawewa,Matale,7.8103,80.6669
21116,Talakiriyagama,Matale,7.8206,80.6172
21120,Sigiriya,Matale,7.9518,80.7426
21122,Kibissa,Matale,7.9412,80.7252
21124,Inamaluwa,Matale,7.9314,80.6845
21140,Mahawela,Matale,7.5869,80.6072
21142,Akuramboda,Matale,7.6467,80.6014
21144,Mananwatta,Matale,7.6168,80.6043
21152,Pallepola,Matale,7.6246,80.6006
21154,Millawana,Matale,7.6503,80.5772
21156,Madipola,Matale,7.6833,80.5833
21160,Wahacotte,Matale,7.7142,80.5972
21200,Galewela,Matale,7.7589,80.5683
21206,Dewahuwa,Matale,7.7589,80.5683
21212,Bambaragaswewa,Matale,7.7833,80.5333
21214,Beligamuwa,Matale,7.7167,80.55
21300,Ukuwela,Matale,7.4228,80.6167
21400,Rattota,Matale,7.5205,80.6798
21402,Etanawala,Matale,7.5205,80.6798
21404,Gangala Puwakpitiya,Matale,7.5205,80.6798
21406,lllukkumbura,Matale,7.5205,80.6798
21408,Welangahawatte,Matale,7.5205,80.6798
21500,Kongahawela,Matale,7.6742,80.7171
21502,Pubbiliya,Matale,7.7333,80.7167
21504,Ambana,Matale,7.6579,80.6909
21506,Talagoda Junction,Matale,7.6885,80.7082
21512,Ataragallewa,Matale,7.6622,80.7728
21514,Hattota Amuna,Matale,7.6622,80.7728
21520,Laggala Pallegama,Matale,7.6622,80.7728
21524,Ranamuregama,Matale,7.6622,80.7728
21530,Wilgamuwa,Matale,7.6622,80.7728
21532,Perakanatta,Matale,7.6622,80.7728
21534,Nugagolla,Matale,7.6622,80.7728
21536,Handungamuwa,Matale,7.6622,80.7728
21538,Dunuwilapitiya,Matale,7.6622,80.7728
21552,Devagiriya,Matale,7.5833,80.9667
21554,Maraka,Matale,7.5833,80.9667
22000,"Hatton			Nuwara",Eliya,6.8916,80.5955
22002,,"Dunukedeniya		","Eliya	NW			7",80.6333
22008,"Rozella			Nuwara",Eliya,6.9317,80.5495
22010,"Watawala			Nuwara",Eliya,6.9442,80.5377
22012,"Patana			Nuwara",Eliya,7.5158,80.6829
22018,"Wijebahukanda			Nuwara",Eliya,7.011,80.6238
22021,"Maldeniya			Nuwara",Eliya,7.0276,80.652
22024,"Hedunuwewa			Nuwara",Eliya,7.0276,80.652
22032,"Widulipura			Nuwara",Eliya,6.9268,80.4888
22034,"Laxapana			Nuwara",Eliya,6.9268,80.4888
22036,"Morahenagama			Nuwara",Eliya,6.9268,80.4888
22040,"Kottellena			Nuwara",Eliya,6.9359,80.4583
22044,"Hangarapitiya			Nuwara",Eliya,6.9182,80.472
22046,"Hitigegama			Nuwara",Eliya,6.9536,80.4446
22050,"Dikoya			Nuwara",Eliya,6.8713,80.6
22058,"Norwood			Nuwara",Eliya,6.8377,80.6079
22060,"Bogawantalawa			Nuwara",Eliya,6.7994,80.665
22070,"Maskeliya			Nuwara",Eliya,6.8343,80.5676
22075,"Nissanka Uyana			Nuwara",Eliya,6.8343,80.5676
22080,"Kotagala			Nuwara",Eliya,6.9284,80.6061
22090,"Lindula			Nuwara",Eliya,6.9217,80.685
22094,"Agarapathana			Nuwara",Eliya,6.9217,80.685
22095,"Bopattalawa			Nuwara",Eliya,6.9217,80.685
22096,"Dayagama Bazaar			Nuwara",Eliya,6.9217,80.685
22100,"Talawakele			Nuwara",Eliya,6.9371,80.6581
22110,"Watagoda			Nuwara",Eliya,6.9704,80.6493
22120,"Pundaluoya			Nuwara",Eliya,7.0151,80.6697
22150,"Nanuoya			Nuwara",Eliya,6.9742,80.659
22200,"Nuwara Eliya			Nuwara",Eliya,6.9708,80.7829
22202,"Santhipura			Nuwara",Eliya,6.9708,80.7829
22208,"Haggala			Nuwara",Eliya,6.9708,80.7829
22212,"Ruwaneliya			Nuwara",Eliya,6.873,80.8106
22214,"Mipilimana			Nuwara",Eliya,6.873,80.8106
22216,"Ambewela			Nuwara",Eliya,6.873,80.8106
22220,"Kandapola			Nuwara",Eliya,6.9894,80.8127
22226,"Gonakele			Nuwara",Eliya,7.0568,80.8074
22240,"Halgranoya			Nuwara",Eliya,7.0486,80.8898
22245,"Rupaha			Nuwara",Eliya,7.036,80.904
22246,"Kumbukwela			Nuwara",Eliya,7.0612,80.8757
22250,"Udapussallawa			Nuwara",Eliya,7.0308,80.9105
22252,"Kurupanawela			Nuwara",Eliya,7.009,80.9052
22254,"Mipanawa			Nuwara",Eliya,7.0373,80.923
22256,"Madulla			Nuwara",Eliya,7.0462,80.9034
22262,"Harasbedda			Nuwara",Eliya,7.0493,80.8744
22270,"Walapane			Nuwara",Eliya,7.1141,80.8511
22272,"Kumbalgamuwa			Nuwara",Eliya,7.1141,80.8511
22274,"Keerthi Bandarapura			Nuwara",Eliya,7.1141,80.8511
22280,"Nildandahinna			Nuwara",Eliya,7.0679,80.8939
22282,"Kalaganwatta			Nuwara",Eliya,7.1,80.9
22285,"Udamadura			Nuwara",Eliya,7.0854,80.9165
22287,"Teripeha			Nuwara",Eliya,7.1181,80.9179
30000,Batticaloa,Batticaloa,7.7102,81.6924
30016,Kannankudah,Batticaloa,7.6798,81.6702
30018,Navatkadu,Batticaloa,7.5833,81.7167
30022,Pillaiyaradi,Batticaloa,7.7527,81.6417
30024,Thannamunai,Batticaloa,7.7527,81.6417
30100,Kattankudi,Batticaloa,7.6824,81.7334
30150,Araipattai,Batticaloa,7.6667,81.7333
30158,Puthukudiyiruppu,Batticaloa,7.6333,81.75
30159,Kirankulam,Batticaloa,7.6,81.7667
30160,Kokkaddichcholai,Batticaloa,7.624,81.7599
30162,Ampilanthurai,Batticaloa,7.624,81.7599
30192,Kurukkalmadam,Batticaloa,7.5876,81.7829
30194,Cheddipalayam,Batticaloa,7.5833,81.7833
30196,Thettativu,Batticaloa,7.5855,81.7831
30200,Kaluwanchikudi,Batticaloa,7.5167,81.7833
30204,Vellavely,Batticaloa,7.5,81.7333
30206,Bakiella,Batticaloa,7.5083,81.7583
30220,Mandur,Batticaloa,7.4833,81.75
30230,Periyaporativu,Batticaloa,7.5167,81.7667
30234,Thirupalugamam,Batticaloa,7.525,81.725
30236,Thikkodai,Batticaloa,7.5333,81.6833
30238,Navagirinagar,Batticaloa,7.525,81.725
30249,Koddaikallar,Batticaloa,7.5028,81.7528
30250,Kallar,Batticaloa,7.4667,81.8
30254,Thuraineelavanai,Batticaloa,7.4667,81.8
30300,Eravur,Batticaloa,7.7782,81.6038
30350,Chenkaladi,Batticaloa,7.786,81.591
30352,Pankudavely,Batticaloa,7.7491,81.5689
30354,Karadiyanaru,Batticaloa,7.7121,81.5468
30358,Periyapullumalai,Batticaloa,7.7491,81.5689
30362,Ayithiyamalai,Batticaloa,7.6167,81.55
30364,Unnichchai,Batticaloa,7.6167,81.55
30372,Kaluwankemy,Batticaloa,7.7995,81.5773
30376,Vantharumoolai,Batticaloa,7.7995,81.5773
30392,Murakottanchanai,Batticaloa,7.8655,81.5375
30394,Kiran,Batticaloa,7.8655,81.5375
30400,Valaichenai,Batticaloa,7.6899,81.6011
30410,Kalkudah,Batticaloa,7.9167,81.5667
30420,Oddamavadi,Batticaloa,7.9167,81.5167
30424,Vakaneri,Batticaloa,7.9167,81.4333
30426,Miravodai,Batticaloa,7.9024,81.5098
30428,Punanai,Batticaloa,7.9667,81.3833
30442,Mankemi,Batticaloa,7.9574,81.4805
30444,Panichankemi,Batticaloa,7.9574,81.4805
30450,Vakarai,Batticaloa,8.1333,81.4333
30456,Kathiraveli,Batticaloa,8.2167,81.4
31000,Trincomalee,Trincomalee,8.5711,81.2335
31006,Sampaltivu,Trincomalee,8.6263,81.2127
31010,Nilaveli,Trincomalee,8.6833,81.2
31012,Kumburupiddy,Trincomalee,8.7353,81.1623
31014,Kuchchaveli,Trincomalee,8.8146,81.099
31016,Tiriyayi,Trincomalee,8.7444,81.1538
31026,Gomarankadawala,Trincomalee,8.6749,80.9548
31028,Buckmigama,Trincomalee,8.6749,80.9548
31032,Kanniya,Trincomalee,8.6333,81.0317
31034,Pankulam,Trincomalee,8.6333,81.0317
31036,Mahadivulwewa,Trincomalee,8.6333,81.0317
31038,Rottawewa,Trincomalee,8.6333,81.0317
31046,Tampalakamam,Trincomalee,8.4995,81.0972
31050,Chinabay,Trincomalee,8.5164,81.1891
31053,Vellamanal,Trincomalee,8.5164,81.1891
31100,Kinniya,Trincomalee,8.4981,81.1779
31106,Maharugiramam,Trincomalee,8.4981,81.1779
31112,Kurinchakemy,Trincomalee,8.4981,81.1779
31200,Mutur,Trincomalee,8.45,81.2667
31212,Kaddaiparichchan,Trincomalee,8.45,81.2833
31216,Sampur,Trincomalee,8.4854,81.291
31220,Kiliveddy,Trincomalee,8.4477,81.2874
31222,Somapura,Trincomalee,8.4477,81.2874
31224,Mallikativu,Trincomalee,8.4477,81.2874
31226,Dehiwatte,Trincomalee,8.4477,81.2874
31228,Neelapola,Trincomalee,8.4477,81.2874
31232,Serunuwara,Trincomalee,8.4477,81.2874
31234,Lankapatuna,Trincomalee,8.4477,81.2874
31236,Echchilampattai,Trincomalee,8.4477,81.2874
31238,Mawadichenai,Trincomalee,8.4477,81.2874
31250,Toppur,Trincomalee,8.4055,81.3086
31260,Seruwila,Trincomalee,8.4477,81.2874
31300,Kantalai,Trincomalee,8.3683,81.0281
31304,Agbopura,Trincomalee,8.3249,80.9794
31306,Kantalai Sugar Factory,Trincomalee,8.3466,81.0037
31308,Wanela,Trincomalee,8.3466,81.0037
31312,Mullipothana,Trincomalee,8.3466,81.0037
31314,Sirajnagar,Trincomalee,8.3466,81.0037
31318,Galmetiyawa,Trincomalee,8.3466,81.0037
32000,Ampara,Ampara,7.2975,81.682
32006,Deegawapiya,Ampara,7.2975,81.682
32008,Digamadulla Weeragoda,Ampara,7.2975,81.682
32010,Hingurana,Ampara,7.2144,81.6537
32012,Moragahapallama,Ampara,7.2076,81.654
32014,Damana,Ampara,7.2007,81.6542
32016,Madawalalanda,Ampara,7.2076,81.654
32018,Mahanagapura,Ampara,7.2076,81.654
32022,Pannalagama,Ampara,7.0724,81.6065
32024,Bakmitiyawa,Ampara,7.0194,81.6478
32031,Paragahakele,Ampara,7.25,81.6
32032,Polwaga Janapadaya,Ampara,7.137,81.5192
32034,Pahalalanda,Ampara,7.137,81.5192
32035,Koknahara,Ampara,7.186,81.5733
32037,Namaloya,Ampara,6.9952,81.3703
32038,Devalahinda,Ampara,7.137,81.5192
32039,Wadinagala,Ampara,7.1167,81.5333
32046,Dadayamtalawa,Ampara,7.1972,81.5989
32048,Siyambalawewa,Ampara,7.1972,81.5989
32050,Central Camp,Ampara,7.1972,81.5989
32060,Uhana,Ampara,7.3667,81.6333
32062,Werunketagoda,Ampara,7.4083,81.6333
32064,Gonagolla,Ampara,7.45,81.6333
32066,Galapitagala,Ampara,7.4083,81.6333
32068,Rajagalatenna,Ampara,7.4083,81.6333
32069,Mangalagama,Ampara,7.4083,81.6333
32070,Mahaoya,Ampara,7.1972,81.5989
32072,Tempitiya,Ampara,7.1972,81.5989
32074,Kekirihena,Ampara,7.1972,81.5989
32100,Padiyatalawa,Ampara,7.4002,81.2428
32101,Serankada,Ampara,7.4572,81.2808
32102,Kolamanthalawa,Ampara,7.4025,81.2745
32104,Dorakumbura,Ampara,7.35,81.3
32120,Nawamedagama,Ampara,7.3852,81.3892
32126,Damanewela,Ampara,7.3852,81.3892
32150,Dehiattakandiya,Ampara,7.3852,81.3892
32155,Siripura,Ampara,7.3852,81.3892
32158,Mawanagama,Ampara,7.3852,81.3892
32198,Malwatta,Ampara,7.3333,81.7333
32200,Samanthurai,Ampara,7.3833,81.8333
32250,Karativu,Ampara,7.3833,81.8333
32280,Sainthamaruthu,Ampara,7.3833,81.8333
32300,Kalmunai,Ampara,7.409,81.8347
32308,Navithanveli,Ampara,7.4333,81.7833
32314,Marathamune,Ampara,7.45,81.8167
32316,Periyaneelavanai,Ampara,7.45,81.8167
32340,Nintavur,Ampara,7.3498,81.853
32350,Addalaichenai,Ampara,7.2667,81.85
32354,Palamunai,Ampara,7.2667,81.85
32360,Oluvil,Ampara,7.2833,81.85
32400,Akkaraipattu,Ampara,7.2165,81.8538
32405,Kannakipuram,Ampara,7.2165,81.8538
32415,Thambiluvil,Ampara,7.1326,81.8514
32418,Komari,Ampara,6.9897,81.8621
32420,Tirukovil,Ampara,7.1203,81.849
32450,lmkkamam,Ampara,7.1148,81.8541
32454,Wanagamuwa,Ampara,7.1148,81.8541
32500,Pottuvil,Ampara,6.8762,81.8267
32508,Panama,Ampara,6.7552,81.8036
32512,Lahugala,Ampara,6.914,81.6639
32514,Hulannuge,Ampara,6.914,81.6639
40000,Jaffna,Jaffna,9.6684,80.0074
41000,Mannar,Mannar,8.9833,79.9
43000,Vavuniya,Vavuniya,8.7514,80.4971
50000,Anuradhapura,Anuradhapura,8.3565,80.4173
50004,Perimiyankulama,Anuradhapura,8.2667,80.5333
50006,Galkadawala,Anuradhapura,8.6044,80.681
50008,Saliyapura,Anuradhapura,8.4225,81.0541
50012,Viharapalugama,Anuradhapura,8.3955,80.3103
50014,Elayapattuwa,Anuradhapura,8.3955,80.3103
50016,Tantirimale,Anuradhapura,8.3955,80.3103
50020,Pemaduwa,Anuradhapura,8.3322,80.3645
50022,Mahawilachchiya,Anuradhapura,8.3322,80.3645
50029,Pandulagama,Anuradhapura,8.3322,80.3645
50036,Gnanikulama,Anuradhapura,8.25,80.5167
50042,Sravasthipura,Anuradhapura,8.2629,80.4325
50044,Hidogama,Anuradhapura,8.2591,80.3983
50046,Nachchaduwa,Anuradhapura,8.2667,80.4667
50055,Parasangahawewa,Anuradhapura,8.3864,80.3725
50057,Gambirigaswewa,Anuradhapura,8.2377,80.3368
50062,Kurundankulama,Anuradhapura,8.2,80.45
50064,Galkulama,Anuradhapura,8.2667,80.5
50067,Uttimaduwa,Anuradhapura,8.25,80.55
50068,Sivalakulama,Anuradhapura,8.25,80.6333
50072,Tirappane,Anuradhapura,8.3,80.5833
50080,Maradankadawala,Anuradhapura,8.1268,80.5621
50086,Walagambahuwa,Anuradhapura,8.15,80.5
50088,Labunoruwa,Anuradhapura,8.1667,80.6
50100,Kekirawa,Anuradhapura,8.0385,80.5941
50104,Tammennawa,Anuradhapura,8.0909,80.356
50110,Vijithapura,Anuradhapura,7.9,80.5261
50111,Palagala,Anuradhapura,7.9,80.5261
50112,Andiyagala,Anuradhapura,7.9,80.5261
50120,Galkiriyagama,Anuradhapura,7.9425,80.565
50122,Pubbogama,Anuradhapura,7.9261,80.5936
50124,Halmillawa Dambulla,Anuradhapura,7.9517,80.5913
50126,Maha Elagamuwa,Anuradhapura,7.9865,80.6153
50130,Madatugama,Anuradhapura,7.942,80.628
50132,Kitulhitiyawa,Anuradhapura,7.9185,80.631
50142,Ganewalpola,Anuradhapura,8.0933,80.6215
50144,Palugaswewa,Anuradhapura,8.0577,80.707
50150,Habarana,Anuradhapura,8.0363,80.7467
50169,Awukana,Anuradhapura,7.9969,80.5461
50170,Galnewa,Anuradhapura,8.0257,80.4803
50174,Kalankuttiya,Anuradhapura,8.05,80.3833
50176,Hurigaswewa,Anuradhapura,8.0759,80.373
50180,Negampaha,Anuradhapura,7.998,80.4595
50182,Maneruwa,Anuradhapura,7.9173,80.4859
50184,Siyambalewa,Anuradhapura,7.9474,80.5172
50196,Mahabulankulama,Anuradhapura,7.9969,80.5461
50200,Nochchiyagama,Anuradhapura,8.2631,80.2044
50206,Pahala Halmillewa,Anuradhapura,8.1334,80.3599
50207,Udunuwara Colony,Anuradhapura,8.1982,80.2822
50210,Galadivulwewa,Anuradhapura,7.9218,80.0859
50212,Ranorawa,Anuradhapura,7.9267,80.1213
50214,Dunumadalawa,Anuradhapura,7.9169,80.0505
50220,Pahala Maragahawe,Anuradhapura,8.1929,80.1457
50222,Horiwila,Anuradhapura,8.1929,80.1457
50224,Gemunupura,Anuradhapura,8.1929,80.1457
50226,Kalaoya,Anuradhapura,8.1929,80.1457
50230,Talawa,Anuradhapura,8.2364,80.3476
50232,Karagahawewa,Anuradhapura,8.2453,80.3307
50236,Malwanagama,Anuradhapura,8.2409,80.3391
50240,Tambuttegama,Anuradhapura,8.15,80.3
50242,Telhiriyawa,Anuradhapura,8.1535,80.3244
50244,Pahalagama,Anuradhapura,8.1988,80.2808
50246,Rajanganaya,Anuradhapura,8.062,80.251
50248,Angamuwa,Anuradhapura,8.1812,80.2013
50259,Kiralogama,Anuradhapura,8.1971,80.3798
50260,Eppawala,Anuradhapura,8.1426,80.403
50261,Katiyawa,Anuradhapura,7.6208,80.5515
50262,lhala Halmillewa,Anuradhapura,7.8817,80.4772
50270,Mahailluppallama,Anuradhapura,8.1056,80.3107
50280,lpologama,Anuradhapura,8.0875,80.5154
50282,Kagama,Anuradhapura,8.0839,80.5586
50284,Senapura,Anuradhapura,8.0911,80.4722
50288,Kalakarambewa,Anuradhapura,8.0875,80.5154
50300,Mihintale,Anuradhapura,8.3593,80.5103
50304,lhalagama,Anuradhapura,8.3593,80.5103
50306,Mahakanadarawa,Anuradhapura,8.3593,80.5103
50308,Maradankalla,Anuradhapura,8.3593,80.5103
50320,Kahatagasdigiliya,Anuradhapura,8.4214,80.6865
50324,Mulkiriyawa,Anuradhapura,8.4214,80.6865
50326,Parakumpura,Anuradhapura,8.4214,80.6865
50327,Mahapothana,Anuradhapura,8.4214,80.6865
50334,Megodawewa,Anuradhapura,8.2333,80.7333
50338,Padikaramaduwa,Anuradhapura,8.2333,80.7333
50339,Namalpura,Anuradhapura,8.2333,80.7333
50344,Muriyakadawala,Anuradhapura,8.2333,80.65
50349,Morakewa,Anuradhapura,8.5052,80.7887
50350,Horawpatana,Anuradhapura,8.3889,80.766
50354,Parangiyawadiya,Anuradhapura,8.4945,80.8654
50356,Dematawewa,Anuradhapura,8.2833,80.6667
50358,Welimuwapotana,Anuradhapura,8.3889,80.766
50370,Kapugallawa,Anuradhapura,8.3558,80.6894
50380,Seeppukulama,Anuradhapura,8.3804,80.5888
50382,Upuldeniya,Anuradhapura,8.3916,80.6079
50384,Mailagaswewa,Anuradhapura,8.3916,80.6079
50386,Rampathwila,Anuradhapura,8.4028,80.6269
50390,Galenbindunuwewa,Anuradhapura,8.2833,80.7167
50392,Getalawa,Anuradhapura,8.3,80.7333
50393,Dutuwewa,Anuradhapura,8.3167,80.75
50394,Hurulunikawewa,Anuradhapura,8.3,80.7333
50448,Pandukabayapura,Anuradhapura,8.4661,80.5484
50450,Rambewa,Anuradhapura,8.4423,80.5054
50452,Kendewa,Anuradhapura,8.4858,80.6067
50454,Kallanchiya,Anuradhapura,8.4592,80.5643
50492,Wahamalgollewa,Anuradhapura,8.4771,80.5173
50500,Medawachchiya,Anuradhapura,8.5345,80.4923
50500,Kebithigollewa,Anuradhapura,8.5345,80.4923
50506,Punewa,Anuradhapura,8.6113,80.4715
50511,Kirigalwewa,Anuradhapura,8.4941,80.4801
50512,Pihimbiyagolewa,Anuradhapura,8.4941,80.4801
50514,Rathmalgahawewa,Anuradhapura,8.4941,80.4801
50516,Walahaviddawewa,Anuradhapura,8.4941,80.4801
50518,Etaweeragollewa,Anuradhapura,8.4941,80.4801
50552,Halmillawetiya,Anuradhapura,8.3407,80.2796
50554,Gonahaddenawa,Anuradhapura,8.5287,80.5148
50556,Kalawedi Ulpotha,Anuradhapura,8.5287,80.5148
50558,Tittagonewa,Anuradhapura,8.7167,80.75
50562,Kahatagollewa,Anuradhapura,8.4445,80.647
50564,Wahalkada,Anuradhapura,8.3807,80.4436
50566,Bogahawewa,Anuradhapura,8.3169,80.2401
50567,Pulmoddai,Anuradhapura,8.3807,80.4436
50570,Padaviya,Anuradhapura,8.4941,80.4801
50572,Padavi Maithripura,Anuradhapura,8.4941,80.4801
50574,Mahasenpura,Anuradhapura,8.4941,80.4801
50582,Padavi Parakramapura,Anuradhapura,8.4941,80.4801
50584,Etawatunuwewa,Anuradhapura,8.4941,80.4801
50586,Welioya Project,Anuradhapura,8.4941,80.4801
50587,Padavi Sripura,Anuradhapura,8.4941,80.4801
50588,Padavi Sritissapura,Anuradhapura,8.4941,80.4801
51000,Polonnaruwa,Polonnaruwa,7.9397,81.0027
51002,Kalingaela,Polonnaruwa,7.9615,81.043
51004,Onegama,Polonnaruwa,7.9833,81.0833
51006,Lakshauyana,Polonnaruwa,7.9615,81.043
51008,Unagalavehera,Polonnaruwa,7.9615,81.043
51014,Alutwewa,Polonnaruwa,7.95,80.55
51016,Parakramasamudraya,Polonnaruwa,7.95,80
51026,Giritale,Polonnaruwa,7.9833,80.9333
51031,Dimbulagala,Polonnaruwa,7.9167,80.55
51032,Kashyapapura,Polonnaruwa,7.9167,80.55
51033,Pelatiyawa,Polonnaruwa,7.9167,80.55
51034,Ellewewa,Polonnaruwa,7.9167,80.55
51037,Kalukele Badanagala,Polonnaruwa,7.9167,80.55
51039,Nuwaragala,Polonnaruwa,7.9167,80.55
51042,Wijayabapura,Polonnaruwa,8.0167,81.0833
51044,Talpotha,Polonnaruwa,8.0167,81.0833
51046,Palugasdamana,Polonnaruwa,8.0167,81.0833
51049,Tambala,Polonnaruwa,8.0167,81.0833
51050,Pulastigama,Polonnaruwa,7.9675,80.9572
51052,Sungavila,Polonnaruwa,7.9675,80.9572
51062,Sevanapitiya,Polonnaruwa,7.9667,81.1667
51064,Mutugala,Polonnaruwa,7.9667,81.1667
51066,Nawasenapura,Polonnaruwa,7.9667,81.1667
51070,Welikanda,Polonnaruwa,7.9516,81.2452
51072,Aselapura,Polonnaruwa,7.9516,81.2452
51076,Mahawela Sinhapura,Polonnaruwa,7.9516,81.2452
51089,Tamankaduwa,Polonnaruwa,7.9675,80.9572
51090,Mampitiya,Polonnaruwa,7.9675,80.9572
51092,Dalukana,Polonnaruwa,7.9675,80.9572
51094,Dewagala,Polonnaruwa,7.9675,80.9572
51096,Nelumwewa,Polonnaruwa,7.9675,80.9572
51098,Hansayapalama,Polonnaruwa,7.9675,80.9572
51100,Aralaganwila,Polonnaruwa,7.8912,80.7957
51102,Pimburattewa,Polonnaruwa,7.8912,80.7957
51104,Divuldamana,Polonnaruwa,7.8912,80.7957
51106,Damminna,Polonnaruwa,7.8912,80.7957
51108,Maduruoya,Polonnaruwa,7.8912,80.7957
51225,Diyabeduma,Polonnaruwa,7.8833,80.8833
51235,Attanakadawala,Polonnaruwa,7.85,80.8667
51244,Kottapitiya,Polonnaruwa,7.8125,80.84
51246,Jayasiripura,Polonnaruwa,7.8125,80.84
51250,Bakamuna,Polonnaruwa,7.7833,80.8167
51256,Orubendi Siyambalawa,Polonnaruwa,7.7539,80.8025
51258,Elahera,Polonnaruwa,7.7244,80.7883
51375,Galoya Junction,Polonnaruwa,7.8912,80.7957
51378,Sinhagama,Polonnaruwa,7.8912,80.7957
51400,Hingurakgoda,Polonnaruwa,8.0333,80.95
51408,Hingurakdamana,Polonnaruwa,8.0375,81.0297
51410,Minneriya,Polonnaruwa,8.0465,80.9025
51412,Kumaragama,Polonnaruwa,7.7569,80.3862
51414,Kawudulla,Polonnaruwa,7.7569,80.3862
51416,Galamuna,Polonnaruwa,7.4673,79.8699
51422,Yodaela,Polonnaruwa,7.5781,79.8681
51424,Yudaganawa,Polonnaruwa,7.5781,79.8681
51428,Divulankadawala,Polonnaruwa,7.5781,79.8681
51500,Medirigiriya,Polonnaruwa,7.9,80.4833
51504,Diyasenpura,Polonnaruwa,7.9,80.4833
51506,Mahatalakolawewa,Polonnaruwa,7.9,80.4833
51508,Meegaswewa,Polonnaruwa,7.9,80.4833
51514,Kawuduluwewa Stagell,Polonnaruwa,7.9,80.4833
51518,Maha Ambagaswewa,Polonnaruwa,7.9,80.4833
60000,Kurunegala,Kurunegala,7.4863,80.3623
60003,Kudagalgamuwa,Kurunegala,7.5351,80.3321
60004,Minhettiya,Kurunegala,7.584,80.3018
60013,Doratiyawa,Kurunegala,7.4578,80.383
60016,Indulgodakanda,Kurunegala,7.4253,80.4084
60024,Demataluwa,Kurunegala,7.5219,80.2898
60025,Ithanawatta,Kurunegala,7.4478,80.3475
60027,Boyagane,Kurunegala,7.4501,80.3415
60028,Kohilagedara,Kurunegala,7.4141,80.3659
60029,Kosgolla,Kurunegala,7.4052,80.3927
60034,Hindagolla,Kurunegala,7.484,80.4118
60036,Ambakote,Kurunegala,7.492,80.4532
60038,Morathiha,Kurunegala,7.5073,80.4875
60040,Ridigama,Kurunegala,7.5473,80.4963
60044,Delwite,Kurunegala,7.5102,80.5211
60045,Iriyagolla,Kurunegala,7.4731,80.5458
60047,Alawatuwala,Kurunegala,7.5102,80.5211
60052,Panagamuwa,Kurunegala,7.5551,80.4577
60053,Pihimbuwa,Kurunegala,7.4607,80.5171
60054,Kanadeniyawala,Kurunegala,7.4382,80.541
60058,Pilessa,Kurunegala,7.4546,80.4141
60060,Mawathagama,Kurunegala,7.4086,80.3091
60062,Kahapathwala,Kurunegala,7.2934,80.4557
60064,Inguruwatta,Kurunegala,7.1783,80.6023
60066,Meetanwala,Kurunegala,7.2934,80.4557
60072,Puswelitenna,Kurunegala,7.3746,80.3664
60074,Anhandiya,Kurunegala,7.262,80.2651
60076,Buluwala,Kurunegala,7.4873,80.4676
60080,Weuda,Kurunegala,7.4104,80.4814
60094,Uhumiya,Kurunegala,7.463,80.2924
60096,Kalugamuwa,Kurunegala,7.4498,80.2614
60100,Narammala,Kurunegala,7.4337,80.1971
60106,Karagahagedara,Kurunegala,7.4996,80.0548
60107,Bogamulla,Kurunegala,7.4666,80.126
60108,Lonahettiya,Kurunegala,7.4666,80.126
60112,Pahamune,Kurunegala,7.4774,80.1961
60121,Metiyagane,Kurunegala,7.3972,80.1745
60122,Muruthenge,Kurunegala,7.3972,80.1745
60130,Dambadeniya,Kurunegala,7.3633,80.1653
60135,Ihala Katugampala,Kurunegala,7.3633,80.1653
60140,Giriulla,Kurunegala,7.3211,80.1235
60152,Narangoda,Kurunegala,7.3753,80.0813
60155,Bopitiya,Kurunegala,7.3191,80.0824
60156,Elibichchiya,Kurunegala,7.3146,80.0516
60160,Pannala,Kurunegala,7.333,80.0329
60162,Labbala,Kurunegala,7.3423,80.079
60170,Gonawila,Kurunegala,7.3204,79.9974
60174,Daraluwa,Kurunegala,7.3573,79.9829
60176,Sandalankawa,Kurunegala,7.3389,79.9901
60181,Horambawa,Kurunegala,7.4475,80.1819
60182,Alahitiyawa,Kurunegala,7.4741,80.1709
60183,Kekunagolla,Kurunegala,7.4939,80.1697
60184,Kirimetiyawa,Kurunegala,7.5104,80.136
60186,Nakkawatta,Kurunegala,7.4541,80.1358
60188,Kithalawa,Kurunegala,7.476,80.1589
60195,Wewagama,Kurunegala,7.4167,80.1
60198,Walakumburumulla,Kurunegala,7.4217,80.0119
60200,Kuliyapitiya,Kurunegala,7.4688,80.0401
60202,Yakwila,Kurunegala,7.3843,80.0355
60204,Wadumunnegedara,Kurunegala,7.4073,79.9731
60206,Welpalla,Kurunegala,7.4374,80.0554
60208,Thalahitimulla,Kurunegala,7.428,80.0194
60209,Madakumburumulla,Kurunegala,7.442,79.993
60211,Ihala Gomugomuwa,Kurunegala,7.5135,80.0754
60212,Kirindawa,Kurunegala,7.4982,80.0977
60214,Anukkane,Kurunegala,7.5013,80.1123
60218,Munamaldeniya,Kurunegala,7.5469,80.0652
60221,Magulagama,Kurunegala,7.5413,80.0941
60226,Nagollagoda,Kurunegala,7.5255,80.0643
60227,Tharana Udawela,Kurunegala,7.5255,80.0643
60228,Deegalla,Kurunegala,7.5097,80.0346
60232,llukhena,Kurunegala,7.5477,79.9797
60236,Padiwela,Kurunegala,7.5477,79.9797
60238,lhala Kadigamuwa,Kurunegala,7.5477,79.9797
60240,Welipennagahamulla,Kurunegala,7.4328,79.9253
60250,Udubaddawa,Kurunegala,7.4759,79.9655
60260,Dummalasuriya,Kurunegala,7.4893,79.8925
60262,Watuwatta,Kurunegala,7.5241,79.9193
60266,Etungahakotuwa,Kurunegala,7.5209,79.9716
60280,Alawwa,Kurunegala,7.2971,80.2343
60284,Wennoruwa,Kurunegala,7.3646,80.2183
60286,Maharachchimulla,Kurunegala,7.3434,80.2082
60288,Keppitiwalana,Kurunegala,7.326,80.1821
60291,Bujjomuwa,Kurunegala,7.4558,80.0511
60292,Nawatalwatta,Kurunegala,7.4558,80.0511
60300,Polgahawela,Kurunegala,7.3381,80.3003
60304,Metikumbura,Kurunegala,7.359,80.3139
60306,Talawattegedara,Kurunegala,7.3816,80.2989
60308,Aragoda,Kurunegala,7.3573,80.3425
60312,Panaliya,Kurunegala,7.3391,80.335
60314,Yatigaloluwa,Kurunegala,7.3315,80.2633
60318,Wadakada,Kurunegala,7.399,80.2641
60330,Pothuhera,Kurunegala,7.4214,80.3303
60344,Maspotha,Kurunegala,7.8667,80.2167
60347,Bamunukotuwa,Kurunegala,7.8667,80.2167
60348,Panadaragama,Kurunegala,7.8667,80.2167
60350,Katupota,Kurunegala,7.537,80.1899
60354,Moragane,Kurunegala,7.5501,80.1406
60356,Kosdeniya,Kurunegala,7.5724,80.1397
60400,Wariyapola,Kurunegala,7.6177,80.245
60402,Wellagala,Kurunegala,7.6176,80.2815
60404,Malagane,Kurunegala,7.6608,80.2839
60406,Minuwangete,Kurunegala,7.7167,80.25
60408,Mirihanagama,Kurunegala,7.6532,80.2651
60410,Kobeigane,Kurunegala,7.6569,80.1307
60414,Hengamuwa,Kurunegala,7.7,80.1
60416,Alahengama,Kurunegala,7.6784,80.1154
60422,Kanattewewa,Kurunegala,7.6167,80.2
60424,Bandara Koswatta,Kurunegala,7.6095,80.1721
60426,Tuttiripitigama,Kurunegala,7.6023,80.1442
60430,Hettipola,Kurunegala,7.6033,80.0752
60434,Mandapola,Kurunegala,7.6338,80.1061
60436,Sunandapura,Kurunegala,7.6377,80.0637
60437,Boraluwewa,Kurunegala,7.6833,80.05
60438,Kuratihena,Kurunegala,7.6304,80.0235
60439,Pihimbiya Ratmale,Kurunegala,7.6377,80.0637
60441,Halmillawewa,Kurunegala,7.5963,80.0034
60450,Bingiriya,Kurunegala,7.6004,79.9345
60453,Tisogama,Kurunegala,7.6049,79.9443
60454,Weerapokuna,Kurunegala,7.6476,79.9904
60456,Wellarawa,Kurunegala,7.5666,79.908
60458,Hiruwalpola,Kurunegala,7.6049,79.9443
60461,Padeniya,Kurunegala,7.6556,80.2223
60462,Awulegama,Kurunegala,7.6556,80.2223
60464,Welawa Juncton,Kurunegala,7.6556,80.2223
60465,Wannigama,Kurunegala,7.6556,80.2223
60470,Nikaweratiya,Kurunegala,7.7503,80.1159
60472,Divullegoda,Kurunegala,7.75,80.2
60474,Hulogedara,Kurunegala,7.7833,80.1833
60476,Thimbiriyawa,Kurunegala,7.7667,80.1333
60477,Hulugalla,Kurunegala,7.7825,80.1378
60478,Sirisetagama,Kurunegala,7.7777,80.1506
60479,Mahagirilla,Kurunegala,7.8333,80.1333
60482,Nabadewa,Kurunegala,7.6833,80.0667
60483,Kotawehera,Kurunegala,7.7911,80.1023
60484,Meewellawa,Kurunegala,7.85,80.15
60485,Digannewa,Kurunegala,7.8811,80.1092
60486,Hilogama,Kurunegala,7.75,80.0833
60490,Wannirasnayakapura,Kurunegala,7.6851,80.1541
60492,Kadigawa,Kurunegala,7.715,79.9896
60495,Monnekulama,Kurunegala,7.8333,80.0667
60499,Torayaya,Kurunegala,7.5069,80.4061
60500,lbbagamuwa,Kurunegala,7.5979,80.457
60502,Kirindigalla,Kurunegala,7.5617,80.4807
60506,Kumbukwewa,Kurunegala,7.6342,80.4333
60508,Kumbukgeta,Kurunegala,7.5979,80.457
60512,Maeliya,Kurunegala,7.7411,80.4169
60514,Makulpotha,Kurunegala,7.7422,80.4467
60516,Mahamukalanyaya,Kurunegala,7.7417,80.4318
60518,Periyakadneluwa,Kurunegala,7.7417,80.4318
60522,Gokaralla,Kurunegala,7.6539,80.4367
60530,Dodangaslanda,Kurunegala,7.5729,80.5377
60532,Maduragoda,Kurunegala,7.5729,80.5377
60540,Melsiripura,Kurunegala,7.6442,80.5095
60544,Diddeniya,Kurunegala,7.6729,80.4793
60546,Hiriyala Lenawa,Kurunegala,7.6668,80.4796
60548,Kimbulwanaoya,Kurunegala,7.6668,80.4796
60549,Nelliya,Kurunegala,7.6833,80.45
60552,Madahapola,Kurunegala,7.7061,80.4964
60554,Pansiyagama,Kurunegala,7.7061,80.4964
60558,Panliyadda,Kurunegala,7.7061,80.4964
60570,Wellawa,Kurunegala,7.5556,80.3728
60572,Thalwita,Kurunegala,7.583,80.3667
60578,Makulwewa,Kurunegala,7.6103,80.3607
60580,Nikadalupotha,Kurunegala,7.6097,80.3925
60582,Hunupola,Kurunegala,7.6097,80.3925
60584,Thambagalla,Kurunegala,7.6097,80.3925
60590,Nagollagama,Kurunegala,7.7667,80.3
60600,Maho,Kurunegala,7.8228,80.2778
60602,Karambe,Kurunegala,7.7833,80.3333
60604,Balalla,Kurunegala,7.8,80.25
60606,Ridibendiella,Kurunegala,7.802,80.287
60612,Medivawa,Kurunegala,7.7498,80.3762
60620,Polpitigama,Kurunegala,7.8142,80.4042
60622,Ulpotha Pallekele,Kurunegala,7.8071,80.4188
60624,Thalakolawewa,Kurunegala,7.8,80.4333
60630,Konwewa,Kurunegala,7.6833,80.4167
60640,Moragollagama,Kurunegala,7.75,80.3
60646,Siyambalangamuwa,Kurunegala,7.6734,80.4748
60650,Ambanpola,Kurunegala,7.6214,80.4958
60700,Galgamuwa,Kurunegala,7.9965,80.2675
60704,Palukadawala,Kurunegala,7.947,80.2811
60706,Ataragalla,Kurunegala,7.9718,80.2743
60712,Gallewa,Kurunegala,7.9645,80.3232
60714,Makulewa,Kurunegala,8.0987,80.3427
60716,Ehetuwewa,Kurunegala,7.9334,80.34
60718,Embogama,Kurunegala,7.915,80.3626
60721,Wannikudawewa,Kurunegala,8.0107,80.2979
60722,Wannilhalagama,Kurunegala,8.0107,80.2979
60724,Mahananneriya,Kurunegala,8.0107,80.2979
60731,Mahagalkadawala,Kurunegala,8.0617,80.2936
60732,Usgala Siyabmalangamuwa,Kurunegala,8.0862,80.2271
60734,Tambutta,Kurunegala,8.0806,80.2311
60735,Pahalagiribawa,Kurunegala,8.0862,80.2271
60736,Saliya Asokapura,Kurunegala,8.0862,80.2271
60737,Solepura,Kurunegala,8.0862,80.2271
60738,Solewewa,Kurunegala,8.0862,80.2271
60739,Warawewa,Kurunegala,8.1162,80.1565
60750,Meegalawa,Kurunegala,7.9935,80.381
60752,Girathalana,Kurunegala,7.9935,80.381
60754,Kudakatnoruwa,Kurunegala,7.9935,80.381
61000,Chilaw,Puttalam,7.5758,79.7953
61004,Udappuwa,Puttalam,7.7477,79.7878
61006,Wijeyakatupotha,Puttalam,7.6618,79.7915
61008,Wilpotha,Puttalam,7.6618,79.7915
61012,Adippala,Puttalam,7.5789,79.8428
61014,Mugunuwatawana,Puttalam,7.5861,79.855
61018,Ilippadeniya,Puttalam,7.5716,79.8307
61022,Karawitagara,Puttalam,7.5303,79.7929
61024,Ambakandawila,Puttalam,7.5303,79.7929
61032,Kumarakattuwa,Puttalam,7.6577,79.8982
61040,Pallama,Puttalam,7.6841,79.9183
61042,Serukele,Puttalam,7.7313,79.9163
61110,Waikkal,Puttalam,7.2833,79.85
61120,Nainamadama,Puttalam,7.374,79.8842
61130,Dankotuwa,Puttalam,7.2964,79.8715
61136,Bujjampola,Puttalam,7.3299,79.9272
61138,Lihiriyagama,Puttalam,7.3461,79.9286
61144,Yogiyana,Puttalam,7.2915,79.9212
61150,Lunuwila,Puttalam,7.3462,79.8634
61154,Ihala Kottaramulla,Puttalam,7.382,79.8749
61158,Koswatta,Puttalam,7.3692,79.893
61162,Pothuwatawana,Puttalam,7.4921,79.9109
61170,Wennappuwa,Puttalam,7.3454,79.8386
61180,Katuneriya,Puttalam,7.3685,79.8314
61190,Nattandiya,Puttalam,7.4123,79.8624
61192,Dunkannawa,Puttalam,7.4265,79.8985
61195,Muttibendiwila,Puttalam,7.4541,79.8806
61198,Watugahamulla,Puttalam,7.4662,79.9101
61210,Marawila,Puttalam,7.4106,79.828
61220,Mahawewa,Puttalam,7.5139,79.9207
61224,Toduwawa,Puttalam,7.4925,79.8061
61226,Kudawewa,Puttalam,7.8857,80.0312
61230,Madampe,Puttalam,7.4979,79.8381
61233,Galmuruwa,Puttalam,7.5,79.8833
61234,Panirendawa,Puttalam,7.5575,79.8846
61236,Kakkapalliya,Puttalam,7.5306,79.8189
61238,Bangadeniya,Puttalam,7.627,79.8195
61242,Rajakadaluwa,Puttalam,7.6519,79.8339
61244,Nalladarankattuwa,Puttalam,7.6946,79.8363
61246,Battuluoya,Puttalam,7.6733,79.8351
61250,Mundel,Puttalam,7.8087,79.8246
61252,Kottantivu,Puttalam,7.8513,79.7899
61262,Baranankattuwa,Puttalam,7.7931,79.8601
61264,Angunawila,Puttalam,7.7753,79.8581
61266,Mangalaeliya,Puttalam,7.8501,79.8156
61270,Madurankuliya,Puttalam,7.8701,79.8229
61272,Mahakumbukkadawala,Puttalam,7.8393,79.8924
61274,Mukkutoduwawa,Puttalam,7.901,79.7534
61280,Palaviya,Puttalam,7.6767,79.8497
61300,Puttalam,Puttalam,8.0362,79.8283
61302,Ismailpuram,Puttalam,8.0362,79.8283
61306,Vanathawilluwa,Puttalam,8.0362,79.8283
61307,Karativponparappi,Puttalam,8.0362,79.8283
61308,Eluwankulama,Puttalam,8.0362,79.8283
61312,Sirambiadiya,Puttalam,8.112,80.0059
61314,Karuwalagaswewa,Puttalam,8.0638,79.9757
61316,Ihala Puliyankulama,Puttalam,8.1601,80.036
61322,Tabbowa,Puttalam,8.0993,79.8684
61324,Saliyawewa Junction,Puttalam,8.0993,79.8684
61326,Puttalam Cement Factory,Puttalam,8.0993,79.8684
61328,Attawilluwa,Puttalam,8.0993,79.8684
61341,Mampuri,Puttalam,7.9991,79.7391
61342,Norachcholai,Puttalam,7.9991,79.7391
61343,Ettale,Puttalam,7.9991,79.7391
61344,Talawila Church,Puttalam,7.9991,79.7391
61354,Palliwasalturai,Puttalam,8.0993,79.8684
61356,Kurinjanpitiya,Puttalam,8.0993,79.8684
61358,Kandakuliya,Puttalam,8.0993,79.8684
61360,Kalpitiya,Puttalam,8.2372,79.7628
61362,Kirimundalama,Puttalam,8.2372,79.7628
61500,Anamaduwa,Puttalam,7.8786,80.008
61502,Uridyawa,Puttalam,7.8226,79.9715
61504,Siyambalagashene,Puttalam,7.8226,79.9715
61506,Mudalakkuliya,Puttalam,7.8124,79.96
61508,Andigama,Puttalam,7.7768,79.9465
61512,Mahauswewa,Puttalam,7.9536,80.0573
61514,Inginimitiya,Puttalam,7.9468,80.1277
61516,Kuruketiyawa,Puttalam,8.0246,80.0513
61532,Kottukachchiya,Puttalam,7.9524,79.928
61534,Kalladiya,Puttalam,7.9524,79.928
70000,Ratnapura,Ratnapura,6.6828,80.3992
70001,Malwala Junction,Ratnapura,6.707,80.4336
70002,Gillimale,Ratnapura,6.7292,80.439
70004,Sri Palabaddala,Ratnapura,6.7838,80.4462
70005,Kudawa,Ratnapura,6.7432,80.4772
70012,Hidellana,Ratnapura,6.7161,80.3795
70016,Kahangama,Ratnapura,6.6983,80.3688
70017,Dodampe,Ratnapura,6.7272,80.3255
70018,Karangoda,Ratnapura,6.6821,80.3674
70019,Dambuluwana,Ratnapura,6.7105,80.3324
70021,Medagalatur,Ratnapura,6.6405,80.2867
70024,Ayagama,Ratnapura,6.6358,80.3083
70026,Gawaragiriya,Ratnapura,6.6453,80.2652
70032,Elapatha,Ratnapura,6.6546,80.3712
70034,Udaniriella,Ratnapura,6.6546,80.3712
70036,Ratna Hangamuwa,Ratnapura,6.6546,80.3712
70038,Niralagama,Ratnapura,6.6546,80.3712
70041,Marapana,Ratnapura,6.6444,80.4446
70042,Dela,Ratnapura,6.6195,80.4502
70044,Udakarawita,Ratnapura,6.581,80.4534
70045,Pebotuwa,Ratnapura,6.5434,80.4528
70046,Delwala,Ratnapura,6.5169,80.4658
70056,Lellopitiya,Ratnapura,6.6627,80.4847
70062,Gallella,Ratnapura,6.855,80.3554
70066,Wewelwatta,Ratnapura,6.855,80.3554
70070,Pelmadulla,Ratnapura,6.6222,80.541
70080,Opanayaka,Ratnapura,6.6081,80.6181
70082,Akarella,Ratnapura,6.5773,80.6686
70100,Balangoda,Ratnapura,6.6466,80.7007
70101,Talakolahinna,Ratnapura,6.6112,80.7142
70104,Weligepola,Ratnapura,6.5683,80.715
70105,Hatangala,Ratnapura,6.5366,80.7455
70106,Handagiriya,Ratnapura,6.5239,80.8085
70108,Hatarabage,Ratnapura,6.6552,80.7571
70112,Mahawalatenna,Ratnapura,6.5881,80.746
70114,Wikiliya,Ratnapura,6.6192,80.7415
70116,Rajawaka,Ratnapura,6.6003,80.7976
70117,Mulgama,Ratnapura,6.6427,80.8155
70118,Tanjantenna,Ratnapura,6.6328,80.8548
70122,Kaltota,Ratnapura,6.6821,80.6757
70124,Welipathayaya,Ratnapura,6.6821,80.6757
70127,Meddekanda,Ratnapura,6.6763,80.6625
70129,Morahela,Ratnapura,6.6878,80.689
70130,Pinnawala,Ratnapura,6.7087,80.6789
70131,Bolthumbe,Ratnapura,6.71,80.6398
70133,Pambagolla,Ratnapura,6.7282,80.6921
70134,lmbulpe,Ratnapura,6.71,80.6398
70135,Rassagala,Ratnapura,6.6922,80.6385
70136,Gurubewilagama,Ratnapura,6.6911,80.576
70138,Waleboda,Ratnapura,6.7298,80.6135
70140,Belihuloya,Ratnapura,6.7181,80.7671
70142,Samanalawewa,Ratnapura,6.7181,80.7671
70144,Ihalagama,Ratnapura,6.7181,80.7671
70145,Halpe,Ratnapura,6.7181,80.7671
70150,Kahawatta,Ratnapura,6.5825,80.5755
70152,Panapitiya,Ratnapura,6.526,80.5581
70154,Udaha Hawupe,Ratnapura,6.5393,80.5484
70156,Gabbela,Ratnapura,6.5168,80.5451
70158,Madalagama,Ratnapura,6.5317,80.515
70160,Godakawela,Ratnapura,6.5063,80.6434
70162,Ranwala,Ratnapura,6.9022,80.4267
70164,Hapugastenna,Ratnapura,7.0881,80.1713
70165,NawinnaPinnakanda,Ratnapura,6.8322,80.4138
70170,Pallebedda,Ratnapura,6.4544,80.7388
70171,Halwinna,Ratnapura,6.443,80.7175
70180,Kolambageara,Ratnapura,6.636,80.6645
70190,Udawalawe,Ratnapura,6.636,80.6645
70195,Gangeyaya,Ratnapura,6.636,80.6645
70200,Embilipitiya,Ratnapura,6.3439,80.8489
70205,Tunkama,Ratnapura,6.29,80.8943
70212,Mulendiyawala,Ratnapura,6.2945,80.7625
70215,Omalpe,Ratnapura,6.3292,80.6918
70218,Panamura,Ratnapura,6.3118,80.7271
70230,Padalangala,Ratnapura,6.2675,80.9022
70250,Sewanagala,Moneragala,6.3424,80.7847
70252,Kiriibbanwewa,Moneragala,6.3424,80.7847
70254,Ekamutugama,Moneragala,6.3424,80.7847
70256,Mahagama Colony,Moneragala,6.3424,80.7847
70294,Atakalanpanna,Ratnapura,6.5293,80.6085
70296,Hiramadagama,Ratnapura,6.5293,80.6085
70298,Makandura Sabara,Ratnapura,6.5293,80.6085
70300,Rakwana,Ratnapura,6.4725,80.6106
70332,Demuwatha,Ratnapura,6.4188,80.6387
70338,Pothupitiya,Ratnapura,6.4188,80.6387
70342,Ittakanda,Ratnapura,6.4003,80.6288
70344,Bomluwageaina,Ratnapura,6.4003,80.6288
70345,Ullinduwawa,Ratnapura,6.3649,80.6089
70346,Bulutota,Ratnapura,6.4357,80.6488
70348,Vijeriya,Ratnapura,6.4003,80.6288
70350,Kolonna,Ratnapura,6.4021,80.6865
70352,Kella Junction,Ratnapura,6.4021,80.6865
70400,Nivitigala,Ratnapura,6.6094,80.4186
70403,Kolombugama,Ratnapura,6.5681,80.4947
70404,Doloswalakanda,Ratnapura,6.5573,80.467
70408,Watapotha,Ratnapura,6.5905,80.5033
70450,Kalawana,Ratnapura,6.5391,80.4039
70455,Daugala,Ratnapura,6.4952,80.4232
70456,Waturawa,Ratnapura,6.489,80.4276
70459,Veddagala,Ratnapura,6.4574,80.4381
70461,Panapola,Ratnapura,6.4329,80.455
70469,Nawalakanda,Ratnapura,6.5124,80.3315
70472,Pimbura,Ratnapura,6.5728,80.169
70480,Kiriella,Ratnapura,6.7446,80.2662
70482,Matuwagalagama,Ratnapura,6.7745,80.2344
70488,Karandana,Ratnapura,6.8045,80.2027
70492,Ellagawa,Ratnapura,6.7359,80.2188
70494,Minipura Dumbara,Ratnapura,6.7359,80.2188
70495,Dumbara Manana,Ratnapura,6.7359,80.2188
70500,Kuruwita,Ratnapura,6.7765,80.3621
70502,Sudagala,Ratnapura,6.7928,80.3913
70504,Batatota,Ratnapura,6.8267,80.3673
70506,Eratna,Ratnapura,6.7987,80.3736
70512,Teppanawa,Ratnapura,6.7804,80.3164
70550,Parakaduwa,Ratnapura,6.8271,80.3126
70552,Ellaulla,Ratnapura,6.8559,80.3123
70556,Godagampola,Ratnapura,6.8848,80.3119
70600,Eheliyagoda,Ratnapura,6.8502,80.2624
70602,Erepola,Ratnapura,6.8126,80.2427
70604,Mitipola,Ratnapura,6.8279,80.2251
70606,Ellawala,Ratnapura,6.8092,80.2699
70612,Panawala,Ratnapura,6.8867,80.2716
70620,Getahetta,Ratnapura,6.9052,80.2193
71000,Kegalle,Kegalle,7.2523,80.3436
71009,Deldeniya,Kegalle,7.2863,80.3626
71014,Hiriwadunna,Kegalle,7.287,80.3783
71016,Molagoda,Kegalle,7.2578,80.3819
71022,Deewala Pallegama,Kegalle,7.2393,80.2857
71029,Yattogoda,Kegalle,7.2393,80.2857
71034,Damunupola,Kegalle,7.1813,80.3339
71035,Watura,Kegalle,7.1845,80.3794
71037,Debathgama,Kegalle,7.1807,80.4251
71039,Pothukoladeniya,Kegalle,7.1822,80.3795
71041,Aruggammana,Kegalle,7.1305,80.2991
71044,Beligala(Sab),Kegalle,7.2189,80.3017
71046,Helamada,Kegalle,7.3073,80.3043
71050,Dewalegama,Kegalle,7.2801,80.3186
71055,Imbulgasdeniya,Kegalle,7.3101,80.3161
71060,Nelundeniya,Kegalle,7.2267,80.2728
71062,Tuntota,Kegalle,7.4944,79.9094
71063,Mahapallegama,Kegalle,7.3605,80.0911
71100,Rambukkana,Kegalle,7.3164,80.3906
71105,Parape,Kegalle,7.3667,80.4167
71106,Thotawella,Kegalle,7.3563,80.3983
71108,Hewadiwela,Kegalle,7.3858,80.3878
71113,Udagaldeniya,Kegalle,7.3511,80.3511
71115,Dombemada,Kegalle,7.3798,80.3469
71116,Yatagama,Kegalle,7.3224,80.3552
71130,Pattampitiya,Kegalle,7.3124,80.4339
71200,Undugoda,Kegalle,7.1456,80.3633
71202,Kabagamuwa,Kegalle,7.1335,80.3389
71204,Alawatura,Kegalle,7.1259,80.3246
71208,Bossella,Kegalle,7.1471,80.3992
71210,Hettimulla,Kegalle,7.2094,80.358
71211,Maharangalla,Kegalle,7.2094,80.358
71220,Morontota,Kegalle,7.173,80.3612
71222,Gantuna,Kegalle,7.173,80.3612
71230,Bulathkohupitiya,Kegalle,7.1032,80.3344
71232,Ampagala,Kegalle,7.0673,80.2955
71234,Wegalla,Kegalle,7.0967,80.3041
71236,Udapotha,Kegalle,7.0821,80.3759
71237,Dedugala,Kegalle,7.0991,80.4016
71300,Ruwanwella,Kegalle,7.0427,80.2517
71303,Wahakula,Kegalle,7.0593,80.2084
71304,Waharaka,Kegalle,7.096,80.1878
71312,Galpatha(Sab),Kegalle,7.0494,80.2324
71313,Imbulana,Kegalle,7.0632,80.2544
71315,Lewangama,Kegalle,7.0494,80.2324
71318,Gonagala,Kegalle,7.0356,80.2104
71320,Amitirigala,Kegalle,7.0273,80.1836
71321,Batuwita,Kegalle,7.0537,80.1701
71325,Malmaduwa,Kegalle,7.1364,80.2738
71326,Yatapana,Kegalle,7.1369,80.3068
71350,Galigamuwa Town,Kegalle,7.2032,80.2956
71352,Hakahinna,Kegalle,7.2032,80.2956
71360,Pitagaldeniya,Kegalle,7.1453,80.2839
71363,Atale,Kegalle,7.1453,80.2839
71370,Kotiyakumbura,Kegalle,7.1238,80.2864
71372,Kannattota,Kegalle,7.0805,80.2794
71400,Dehiowita,Kegalle,6.9776,80.2624
71401,Deloluwa,Kegalle,6.9582,80.3174
71403,Anhettigama,Kegalle,6.9221,80.374
71407,Noori,Kegalle,6.9558,80.396
71411,Maliboda,Kegalle,6.8886,80.4285
71417,Hinguralakanda,Kegalle,6.9154,80.2972
71418,Boralankada,Kegalle,6.9721,80.3285
71430,Deraniyagala,Kegalle,6.9314,80.3352
71432,Miyanawita,Kegalle,6.9037,80.35
71500,Mawanella,Kegalle,7.2519,80.4453
71501,Kondeniya,Kegalle,7.265,80.433
71503,Ambulugala,Kegalle,7.2376,80.4168
71505,Galatara,Kegalle,7.2167,80.4167
71507,Makehelwala,Kegalle,7.2825,80.4736
71508,Alutnuwara,Kegalle,7.2333,80.4667
71510,Ussapitiya,Kegalle,7.2162,80.4483
71520,Hingula,Kegalle,7.2457,80.4664
71521,Udumulla,Kegalle,7.454,80.3993
71527,Dewanagala,Kegalle,7.2159,80.4704
71530,Hemmatagama,Kegalle,7.1736,80.5002
71533,Kehelpannala,Kegalle,7.1664,80.5187
71540,Aranayaka,Kegalle,7.1509,80.4614
71541,Talgaspitiya,Kegalle,7.1647,80.4793
71546,Ambalakanda,Kegalle,7.1366,80.4524
71600,Warakapola,Kegalle,7.2226,80.1887
71601,Dorawaka,Kegalle,7.1839,80.2198
71602,Niyadurupola,Kegalle,7.1665,80.2189
71603,Galapitamada,Kegalle,7.1374,80.2333
71605,Dunumala,Kegalle,7.1746,80.2058
71607,Algama,Kegalle,7.1627,80.1681
71610,Tulhiriya,Kegalle,7.2699,80.2256
71612,Bopitiya (SAB),Kegalle,7.2523,80.2248
71619,Tholangamuwa,Kegalle,7.2347,80.2239
71622,Weragala,Kegalle,7.138,80.2568
71700,Yatiyantota,Kegalle,7.0279,80.2946
71702,Weeoya,Kegalle,7.0549,80.3693
71704,Malalpola,Kegalle,7.0579,80.3419
71706,Berannawa,Kegalle,7.0676,80.4123
71708,Seaforth Colony,Kegalle,7.0663,80.4283
71712,Welihelatenna,Kegalle,7.0281,80.3348
71715,Hakbellawaka,Kegalle,7.0281,80.3348
71716,Migastenna Sabara,Kegalle,7.0281,80.3348
71720,Kitulgala,Kegalle,6.9966,80.4068
71722,Mahabage,Kegalle,7.0225,80.4333
71724,Teligama,Kegalle,7.0079,80.3798
80000,Galle,Galle,6.0367,80.217
80042,Wakwella,Galle,6.0949,80.2026
80044,Anangoda,Galle,6.0663,80.2468
80046,Walahanduwa,Galle,6.0568,80.2475
80048,Ankokkawala,Galle,6.0471,80.2902
80054,Gonamulla Junction,Galle,6.0647,80.3013
80056,Hiyare,Galle,6.0647,80.3013
80058,Talagampola,Galle,6.0647,80.3013
80062,Kottawagama,Galle,6.1439,80.3353
80064,Nakiyadeniya,Galle,6.1439,80.3353
80070,Udugama,Galle,6.2211,80.3336
80075,Panangala,Galle,6.2628,80.3223
80080,Hiniduma,Galle,6.3126,80.3116
80082,Neluwa,Galle,6.3757,80.3604
80084,Warukandeniya,Galle,6.3834,80.4182
80086,Pannimulla Panagoda,Galle,6.3572,80.3634
80090,Akmeemana,Galle,6.1818,80.3036
80092,Meda-Keembiya,Galle,6.1818,80.3036
80100,Wanduramba,Galle,6.1305,80.2521
80107,Yatalamatta,Galle,6.1619,80.2766
80108,Udalamatta,Galle,6.1828,80.2952
80110,Nagoda,Galle,6.1958,80.2742
80112,Mapalagama,Galle,6.2307,80.3254
80114,Parana ThanaYamgoda,Galle,6.2133,80.2998
80116,Mapalagama Central,Galle,6.2133,80.2998
80120,Wanchawela,Galle,6.0359,80.3156
80122,Angulugaha,Galle,6.0359,80.3156
80130,lmaduwa,Galle,6.1265,80.4898
80132,Hawpe,Galle,6.1265,80.4898
80134,Ihala Walpola,Galle,6.1265,80.4898
80136,Kananke Bazaar,Galle,6.1265,80.4898
80142,Opatha,Galle,6.3587,80.1412
80143,Banagala,Galle,6.2882,80.2376
80144,Malgalla Talangalla,Galle,6.3285,80.2408
80146,Halvitigala Colony,Galle,6.3285,80.2408
80148,Tawalama,Galle,6.3387,80.3437
80150,Yakkalamulla,Galle,6.1098,80.3454
80151,Karagoda,Galle,6.0931,80.3781
80152,Magedara,Galle,6.1036,80.4062
80168,Uluvitike,Galle,6.1763,80.3065
80170,Poddala,Galle,6.112,80.2105
80200,Baddegama,Galle,6.1652,80.1782
80204,Ampegama,Galle,6.1916,80.1463
80212,Agaliya,Galle,6.193,80.2006
80214,Unenwitiya,Galle,6.2456,80.2234
80216,Weihena,Galle,6.2982,80.2463
80220,Ginimellagaha,Galle,6.1438,80.159
80230,Gonapinuwala,Galle,6.1458,80.1384
80240,Hikkaduwa,Galle,6.1407,80.1012
80244,Tiranagama,Galle,6.1282,80.1245
80250,Dodanduwa,Galle,6.0962,80.1351
80260,Ratgama,Galle,6.0941,80.1429
80270,Boossa,Galle,6.0733,80.1577
80280,Gintota,Galle,6.0559,80.1774
80300,Ambalangoda,Galle,6.2355,80.0538
80302,Godahena,Galle,6.2393,80.0752
80312,Kahawa,Galle,6.1832,80.0734
80318,Nindana,Galle,6.2033,80.103
80320,Batapola,Galle,6.2216,80.1254
80328,Kuleegoda,Galle,6.2216,80.1254
80330,Meetiyagoda,Galle,6.1915,80.0895
80332,Aluthwala,Galle,6.1776,80.1386
80340,Watugedara,Galle,6.2545,80.0576
80350,Uragasmanhandiya,Galle,6.3429,80.0927
80352,Uragaha,Galle,6.3589,80.1181
80354,Rantotuwila,Galle,6.3847,80.097
80360,Karandeniya,Galle,6.2704,80.0794
80400,Elpitiya,Galle,6.2908,80.1626
80402,Ella Tanabaddegama,Galle,6.2899,80.1978
80406,Talgaspe,Galle,6.3081,80.1985
80408,Porawagama,Galle,6.2707,80.2324
80416,Nawadagala,Galle,6.3113,80.1333
80420,Pitigala,Galle,6.3517,80.2162
80422,Amugoda,Galle,6.3205,80.2173
80424,Mattaka,Galle,6.3041,80.2522
80432,lhalahewessa,Galle,6.2995,80.1968
80440,Ganegoda,Galle,6.3223,80.1516
80458,Ethkandura,Galle,6.2995,80.1968
80460,Kahaduwa,Galle,6.2159,80.2072
80470,Talgaswela,Galle,6.2995,80.1968
80500,Bentota,Galle,6.4254,79.9948
80502,Gonagalpura,Galle,6.4015,80.0291
80506,Haburugala,Galle,6.4001,80.0361
80508,Miriswatta,Galle,6.379,80.0563
80510,lnduruwa,Galle,6.3557,80.0304
80550,Balapitiya,Galle,6.278,80.0366
80562,Ahungalla,Galle,6.3136,80.0322
80570,Kosgoda,Galle,6.338,80.0262
80600,Unawatuna,Galle,6.0212,80.2503
80615,Talpe,Galle,5.9999,80.2787
80630,Habaraduwa,Galle,5.9977,80.2958
80650,Ahangama,Galle,5.9896,80.3598
80654,Dikkumbura,Galle,6.0116,80.3729
81000,Matara,Matara,5.9485,80.5353
81017,Naimana,Matara,6.0249,80.5641
81020,Kekanadurra,Matara,6.0249,80.5641
81030,Ratmale,Matara,5.9667,80.65
81034,Yatiyana,Matara,6.0333,80.6
81038,Diyagaha,Matara,5.9833,80.5667
81050,Palatuwa,Matara,5.9833,80.5167
81051,Sultanagoda,Matara,5.9667,80.5
81060,Telijjawila,Matara,6.0249,80.5641
81064,Ransegoda,Matara,6.0249,80.5641
81070,Makandura,Matara,6.1368,80.5568
81071,Mulatiyana Junction,Matara,6.1919,80.5697
81072,Gomilamawarala,Matara,6.1919,80.5697
81074,Rotumba,Matara,6.2469,80.5826
81082,Karagoda Uyangoda,Matara,6.0249,80.5641
81092,Nadugala,Matara,5.9833,80.5333
81100,Kamburupitiya,Matara,6.0833,80.5667
81106,Karaputugala,Matara,6.0833,80.6
81108,Horapawita,Matara,6.1069,80.5866
81160,Devinuwara (Dondra),Matara,5.9319,80.6069
81170,Gandara,Matara,5.9333,80.6
81180,Kottegoda,Matara,6.0278,80.592
81200,Dikwella,Matara,5.9667,80.6833
81220,Walasgala,Matara,5.9911,80.7019
81230,Urugamuwa,Matara,6.0116,80.6437
81280,Thihagoda,Matara,6.0167,80.5667
81290,Puhulwella,Matara,6.05,80.6167
81294,Walakanda,Matara,6.0333,80.65
81300,Hakmana,Matara,6.0836,80.6445
81302,Narawelpita,Matara,6.0836,80.6445
81312,Miella,Matara,6.1175,80.6797
81314,Denagama,Matara,6.1146,80.6606
81316,Radawela,Matara,6.1337,80.6142
81318,Karatota,Matara,6.0667,80.6667
81320,Deiyandara,Matara,6.1446,80.5978
81322,Parapamulla,Matara,6.1596,80.6211
81326,Handugala,Matara,6.1895,80.6193
81400,Akuressa,Matara,6.1007,80.4693
81402,Athuraliya,Matara,6.1083,80.4884
81404,Wilpita,Matara,6.1041,80.5134
81408,Godapitiya,Matara,6.1201,80.4825
81412,Bopagoda,Matara,6.1564,80.4872
81414,Urumutta,Matara,6.1563,80.5151
81416,Maramba,Matara,6.1563,80.5011
81422,Diyalape,Matara,6.1215,80.4552
81424,Maliduwa,Matara,6.1252,80.4069
81450,Pitabeddara,Matara,6.2014,80.4593
81452,Deegala Lenama,Matara,6.2223,80.465
81454,Derangala,Matara,6.2432,80.4706
81456,Kiriwelkele,Matara,6.2223,80.465
81462,Siyambalagoda,Matara,6.0667,80.7667
81470,Morawaka,Matara,6.2594,80.4889
81472,Pahala Millawa,Matara,6.297,80.469
81474,Paragala,Matara,6.2328,80.5321
81475,Alapaladeniya,Matara,6.2738,80.4557
81477,Dellawa,Matara,6.3355,80.4488
81478,Kalubowitiyana,Matara,6.3167,80.4
81479,Waralla,Matara,6.2739,80.5333
81480,Kotapola,Matara,6.296,80.5421
81500,Deniyaya,Matara,6.3461,80.5515
81508,Viharahena,Matara,6.3664,80.5903
81514,Kiriweldola,Matara,6.3679,80.5306
81522,Kolawenigama,Matara,6.3235,80.5101
81524,Mediripitiya,Matara,6.3392,80.4921
81526,Lankagama,Matara,6.355,80.4742
81532,Moragala Kirillapone,Matara,6.2886,80.5975
81538,Pothdeniya,Matara,6.2886,80.5975
81541,Beralapanathara,Matara,6.3412,80.5424
81600,Urubokka,Matara,6.3041,80.6312
81612,Dampahala,Matara,6.2717,80.631
81614,Bengamuwa,Matara,6.2592,80.6012
81615,Pasgoda,Matara,6.2654,80.6161
81700,Weligama,Matara,5.975,80.4297
81722,Penetiyana,Matara,6.0333,80.45
81730,Denipitiya,Matara,5.9667,80.45
81740,Mirissa,Matara,5.9333,80.45
81750,Kamburugamuwa,Matara,5.9486,80.5006
82000,Hambantota,Hambantota,6.1241,81.1185
82002,Bundala,Hambantota,6.1899,81.267
82004,Weligatta,Hambantota,6.2049,81.1976
82005,Bandagiriya Colony,Hambantota,6.1903,81.1721
82006,Gonnoruwa,Hambantota,6.2423,81.1053
82008,Pahala Andarawewa,Hambantota,6.1903,81.1721
82010,Sooriyawewa Town,Hambantota,6.1903,81.1721
82014,Migahajandur,Hambantota,6.1903,81.1721
82016,Mahagalwewa,Hambantota,6.1903,81.1721
82018,Ranmuduwewa,Hambantota,6.1903,81.1721
82100,Ambalantota,Hambantota,6.1196,81.0214
82102,Beragama,Hambantota,6.1493,81.0413
82106,RU/Ridiyagama,Hambantota,6.1344,81.0028
82108,Lunama,Hambantota,6.1074,80.9783
82109,Mamadala,Hambantota,6.1614,80.9701
82110,Barawakumbuka,Hambantota,6.2231,80.9308
82120,Hungama,Hambantota,6.1087,80.9309
82125,Ranna,Hambantota,6.0985,80.8807
82126,Kahandamodara,Hambantota,6.0705,80.8958
82135,Netolpitiya,Hambantota,6.0634,80.8363
82200,Tangalla,Hambantota,6.024,80.7911
82220,Angunakolapelessa,Hambantota,6.164,80.8913
82232,Vitharandeniya,Hambantota,6.1781,80.7994
82240,Weeraketiya,Hambantota,6.151,80.7643
82242,Mulkirigala,Hambantota,6.1315,80.7305
82246,Wekandawela,Hambantota,6.1423,80.776
82248,Hakuruwela,Hambantota,6.1443,80.8332
82252,Julampitiya,Hambantota,6.2212,80.7383
82254,Medamulana,Hambantota,6.1783,80.7692
82270,Middeniya,Hambantota,6.2502,80.7634
82274,Kariyamaditta,Hambantota,6.2554,80.8254
82276,Ratmalwala,Hambantota,6.2686,80.85
82278,Uswewa,Hambantota,6.2475,80.8628
82300,Nakulugamuwa,Hambantota,6.1905,80.9357
82400,Beliatta,Hambantota,6.0496,80.7325
82401,Goda Koggalla,Hambantota,6.0496,80.7325
82412,Ihala Beligalla,Hambantota,6.0947,80.7411
82414,Nihiluwa,Hambantota,6.0833,80.7
82416,Modarawana,Hambantota,6.1257,80.7112
82418,Yatigala,Hambantota,6.1056,80.692
82420,Getamanna,Hambantota,6.0333,80.6833
82450,Walasmulla,Hambantota,6.1521,80.6941
82454,Pallekanda,Hambantota,6.4572,80.7187
82456,Horewelagoda,Hambantota,6.3047,80.7064
82458,Bowalagama,Hambantota,6.3047,80.7064
82462,Ittademaliya,Hambantota,6.1565,80.7256
82500,Katuwana,Hambantota,6.2683,80.6971
82504,Uda Gomadiya,Hambantota,6.2683,80.6971
82550,Kirama,Hambantota,6.2098,80.6632
82554,Rammalawarapitiya,Hambantota,6.2098,80.6632
82586,Gangulandeniya,Hambantota,6.2833,80.7182
82600,Tissamaharama,Hambantota,6.2765,81.2865
82602,Gonagamuwa Uduwila,Hambantota,6.2466,81.2933
82608,Magama,Hambantota,6.2167,81.3
82612,Ranakeliya,Hambantota,6.2187,81.322
82614,Kirinda,Hambantota,6.2186,81.3256
82615,Weerawila NewTown,Hambantota,6.2782,81.2872
82618,Beralihela,Hambantota,6.3391,81.2571
82619,Ellagala,Hambantota,6.3362,81.2441
82622,Kawantissapura,Hambantota,6.2908,81.2463
82632,Weerawila,Hambantota,6.2594,81.2164
82634,Lunugamwehera,Hambantota,6.3434,81.2001
82636,Padawkema,Hambantota,6.3599,81.1778
82638,Udamattala,Hambantota,6.3391,81.1337
90000,Badulla,Badulla,6.9895,81.0557
90008,Soranatota,Badulla,7.0331,81.0508
90012,Timbirigaspitiya,Badulla,7.0195,81.0672
90013,Egodawela,Badulla,7.065,81.0619
90014,Taldena,Badulla,7.0956,81.0479
90015,Meegahakiula,Badulla,7.0866,81.0689
90016,Ketawatta,Badulla,7.094,81.0912
90017,Arawa,Badulla,7.1591,81.0761
90019,Baduluoya,Badulla,7.0866,81.0689
90020,Kandaketya,Badulla,7.1089,81.0089
90022,Maliyadda,Badulla,7.1089,81.0089
90026,Rilpola,Badulla,7.1089,81.0089
90028,Spring Valley,Badulla,7.1089,81.0089
90034,Wineethagama,Badulla,7.0057,81.0533
90042,Nelumgama,Badulla,7.0053,81.0743
90044,Sirimalgoda,Badulla,7.0031,81.0829
90046,Kuttiyagolla,Badulla,7.0214,81.0879
90048,Kendagolla,Badulla,6.9977,81.1086
90052,Kahataruppa,Badulla,7.0333,81.1167
90060,Hali Ela,Badulla,6.9536,81.0299
90061,Uva Uduwara,Badulla,7.0218,80.9957
90062,Uva Deegalla,Badulla,7.0218,80.9957
90063,Jangulla,Badulla,7.0218,80.9957
90064,Narangala,Badulla,7.0218,80.9957
90065,Galauda,Badulla,7.034,80.9861
90066,Beramada,Badulla,7.0544,80.9785
90067,Godunna,Badulla,7.0691,80.9803
90068,Landewela,Badulla,6.9977,81.0039
90070,Kandegedara,Badulla,7.0276,81.0339
90071,Pathanewatta,Badulla,7.0276,81.0339
90072,Tennepanguwa,Badulla,7.0276,81.0339
90080,Demodara,Badulla,6.9002,81.0555
90082,Gawarawela,Badulla,6.9,81.0639
90090,Ella,Badulla,6.8756,81.0463
90091,Uva Karandagolla,Badulla,6.8336,81.0705
90092,Ballaketuwa,Badulla,6.8667,81.1
90094,Helapupula,Badulla,6.8586,81.0723
90100,Bandarawela,Badulla,6.8334,80.9853
90102,Kebillawela,Badulla,6.811,80.9962
90104,Dulgolla,Badulla,7.2388,80.7293
90106,Liyangahawela,Badulla,6.9251,80.9389
90108,Ambadandegama,Badulla,6.8173,81.0448
90112,Heeloya,Badulla,6.8447,81.0199
90114,Makulella,Badulla,6.8447,81.0199
90122,Helahalpe,Badulla,6.8885,81.0357
90132,Diganatenna,Badulla,6.8667,80.9667
90134,Mirahawatta,Badulla,6.8718,80.9445
90138,Pattiyagedara,Badulla,6.8751,80.979
90140,Ettampitiya,Badulla,6.9387,80.9717
90150,Diyatalawa,Badulla,6.8007,80.9546
90160,Haputale,Badulla,6.7681,80.9595
90164,Ratkarawwa,Badulla,6.8,80.9167
90165,Nikapotha,Badulla,6.7333,80.9667
90166,Akkarasiyaya,Badulla,6.7797,80.9208
90168,Ohiya,Badulla,6.8173,80.8403
90170,Boralanda,Badulla,6.827,80.894
90171,Pitapola,Badulla,6.8097,80.893
90180,Haldummulla,Badulla,6.7603,80.8844
90183,Soragune,Badulla,6.8294,80.8806
90184,Kiriwanagama,Badulla,6.9682,80.9118
90186,Kalupahana,Badulla,6.7596,80.8455
90188,Uva Tenna,Badulla,6.8294,80.8806
90190,Koslanda,Badulla,6.7434,81.0189
90192,Uva Mawelagama,Badulla,6.7434,81.0189
90200,Welimada,Badulla,6.9044,80.9044
90204,Amunumulla,Badulla,6.8664,80.9084
90206,Galedanda,Badulla,6.8258,80.9291
90208,Gurutalawa,Badulla,6.8362,80.9122
90212,Puhulpola,Badulla,6.9028,80.9238
90214,Dikkapitiya,Badulla,6.7422,80.9733
90216,Nugatalawa,Badulla,6.8994,80.8806
90218,Medawela Udukinda,Badulla,6.8481,80.9259
90222,Perawella,Badulla,6.9378,80.8389
90224,Hangunnawa,Badulla,6.9513,80.8729
90226,Uduhawara,Badulla,6.9667,80.8667
90230,Uvaparanagama,Badulla,6.8833,80.901
90300,Ambagasdowa,Badulla,6.9232,80.8936
90302,Bowela,Badulla,6.95,80.9333
90310,Lunuwatta,Badulla,6.9334,80.9006
90322,Bambarapana,Badulla,7.0032,80.9678
90326,Ambagahawatta,Badulla,7.0167,80.9551
90328,Maspanna,Badulla,7.0167,80.95
90329,Yalagamuwa,Badulla,7.0469,80.9525
90350,Keppetipola,Badulla,6.8975,80.8705
90352,Kalubululanda,Badulla,6.8621,80.8791
90354,Bogahakumbura,Badulla,6.8631,80.8639
90356,Kandepuhulpola,Badulla,6.838,80.8638
90358,Hewanakumbura,Badulla,6.8902,80.8473
90362,Boragas,Badulla,6.9097,80.8356
90364,Silmiyapura,Badulla,6.9097,80.8356
90500,Passara,Badulla,6.9346,81.1574
90502,Bibilegama,Badulla,6.8945,81.1361
90504,Miriyabedda,Badulla,6.9,81.1667
90506,Kotamuduna,Badulla,6.8929,81.1841
90508,Hingurukaduwa,Badulla,6.8288,81.1573
90512,Gamewela,Badulla,6.9186,81.2056
90518,Medawelagama,Badulla,6.976,81.1712
90522,Pelagahatenna,Badulla,6.9644,81.1584
90524,Hopton,Badulla,6.9644,81.1584
90530,Lunugala,Badulla,7.0369,81.2017
90532,Arawakumbura,Badulla,7.0849,81.1982
90534,Pallekiruwa,Badulla,7.0098,81.2362
90535,Madulsima,Badulla,7.0334,81.1687
90540,Metigahatenna,Badulla,6.9667,81.0833
90542,Atakiriya,Badulla,7.0698,81.1023
90544,Pitamaruwa,Badulla,7.1162,81.1262
90546,Kalugahakandura,Badulla,7.1264,81.0975
90580,Namunukula,Badulla,6.9041,81.1211
90582,Maussagolla,Badulla,6.9091,81.1323
90584,Miyanakandura,Badulla,6.8619,81.1486
90700,Mahiyanganaya,Badulla,7.2444,81.1167
90702,Uraniya,Badulla,7.2333,81.1
90704,Ridimaliyadda,Badulla,7.2333,81.1
90706,Yalwela,Badulla,7.2667,81.15
90712,Arawatta,Badulla,7.3333,81.05
90714,Dambana,Badulla,7.3583,81.1083
90716,Wewatta,Badulla,7.3833,81.1667
90718,Sorabora Colony,Badulla,7.3583,81.1083
90722,Aluttaramma,Badulla,7.2221,81.0612
90724,Hebarawa,Badulla,7.2221,81.0612
90726,Divulapelessa,Badulla,7.2221,81.0612
90728,Kuruwitenna,Badulla,7.2221,81.0612
90730,Mapakadawewa,Badulla,7.3,81.1167
90734,Uva Tissapura,Badulla,7.3,81.1167
90736,Aluketiyawa,Badulla,7.3,81.1167
90738,Keselpotha,Badulla,7.3,81.1167
90750,Girandurukotte,Badulla,7.4,81.05
90752,Galporuyaya,Badulla,7.4,81.05
90754,Malgoda,Badulla,7.4,81.05
90756,Pahalarathkinda,Badulla,7.4,81.05
91000,Monaragala,Moneragala,6.8714,81.3487
91002,Pangura,Moneragala,6.9825,81.3244
91003,Nakkala,Moneragala,6.8875,81.2939
91004,Hulandawa,Moneragala,6.8515,81.3427
91005,Wedikumbura,Moneragala,6.8349,81.3879
91006,Marawa,Moneragala,6.8169,81.3743
91007,Obbegoda,Moneragala,6.9242,81.3493
91008,Galabedda,Moneragala,6.9196,81.3805
91010,Dombagahawela,Moneragala,6.9016,81.4425
91020,Ethimalewewa,Moneragala,6.7689,81.4863
91022,Wilaoya,Moneragala,6.8261,81.4907
91024,Kotiyagala,Moneragala,6.7117,81.4818
91030,Siyambalanduwa,Moneragala,6.9067,81.5461
91032,Kandaudapanguwa,Moneragala,6.975,81.5149
91038,Buddama,Moneragala,7.0434,81.4838
91040,Inginiyagala,Moneragala,7.2233,81.541
91042,Nelliyadda,Moneragala,7.2233,81.541
91050,Dambagalla,Moneragala,6.9557,81.367
91052,Mariarawa,Moneragala,6.9754,81.473
91054,Uva Gangodagama,Moneragala,7.0113,81.4147
91056,Ruwalwela,Moneragala,7.0262,81.386
91058,Baduluwela,Moneragala,7.0878,81.4329
91060,Okkampitiya,Moneragala,6.7456,81.3057
91070,Badalkumbura,Moneragala,6.8922,81.2396
91098,Kumbukkana,Moneragala,6.8235,81.3068
91100,Buttala,Moneragala,6.7608,81.2488
91108,Moretuwegama,Moneragala,6.7608,81.2488
91112,Uva Pelwatta,Moneragala,6.7608,81.2488
91198,Warunagama,Moneragala,6.7608,81.2488
91200,Wellawaya,Moneragala,6.7264,81.1046
91202,Siyambalagune,Moneragala,6.8043,81.1386
91204,Randeniya,Moneragala,6.7856,81.109
91206,Weherayaya Handapanagala,Moneragala,6.7721,81.1174
91250,Ettiliwewa,Moneragala,6.682,81.1048
91295,Balaharuwa,Moneragala,6.5716,81.049
91298,Uva Kudaoya,Moneragala,6.5219,81.1228
91300,Tanamalwila,Moneragala,6.4331,81.1285
91302,Angunakolawewa,Moneragala,6.4004,81.0877
91306,Suriara,Moneragala,6.4555,81.0577
91308,Hambegamuwa,Moneragala,6.5331,80.9568
91312,Kotawehera Mankada,Moneragala,6.4555,81.0577
91400,Kataragama,Moneragala,6.4134,81.3346
91405,Sella Kataragama,Moneragala,6.4134,81.3346
91500,Bibile,Moneragala,7.1577,81.2192
91502,Ekiriyankumbura,Moneragala,7.3,81.2167
91505,Pitakumbura,Moneragala,7.1841,81.2816
91508,Nilgala,Moneragala,7.1925,81.3759
91512,Kotagama,Moneragala,7.1236,81.1902
91514,Diyakobala,Moneragala,7.1056,81.2314
91516,Ayiwela,Moneragala,7.1084,81.2411
91519,Nannapurawa,Moneragala,7.0847,81.2629
91550,Medagana,Moneragala,6.9979,81.2821
91552,Kandawinna,Moneragala,6.9979,81.2821
91554,Bakinigahawela,Moneragala,6.9979,81.2821
96167,Idalgashinna,Badulla,6.7819,80.8931
90324,,"Badulla		",7,80.95
81032,,Matara,6,80.6
42000,,Mullaitivu,9.1762,"	80"
61520,,Puttalam,8,80.1167
